ts_week,KOSPI,ln_KOSPI,D_ln_KOSPI
1980w1,100.89333,4.6140639, 0.0387212
1980w2,104.87667,4.6527851,0.0387212
1980w3,101.45833,4.6196482,-0.03313685
1980w4,101.94,4.6243844,0.0047362
1980w5,104.65,4.6506214,0.02623704
1980w6,104.16,4.6459282,-0.00469327
1980w7,104.735,4.6514334,0.00550517
1980w8,104.695,4.6510514,-0.00038199
1980w9,103.67,4.6412128,-0.00983858
1980w10,103.386,4.6384696,-0.00274322
1980w11,103.42667,4.6388628,0.00039327
1980w12,104.55333,4.6496973,0.01083448
1980w13,105.88167,4.6623221,0.01262481
1980w14,106.956,4.6724175,0.01009542
1980w15,110.99333,4.7094701,0.0370526
1980w16,112.28,4.7209958,0.01152561
1980w17,117.12833,4.7632702,0.04227445
1980w18,117.362,4.7652632,0.00199298
1980w19,117.70167,4.7681532,0.00289
1980w20,113.44667,4.7313328,-0.03682035
1980w21,111.422,4.7133248,-0.01800803
1980w22,115.39833,4.7483899,0.03506512
1980w23,114.238,4.738284,-0.01010592
1980w24,112.615,4.7239749,-0.01430907
1980w25,113.59667,4.7326542,0.00867924
1980w26,112.25333,4.7207582,-0.01189594
1980w27,112.27333,4.7209364,0.00017815
1980w28,111.27833,4.7120346,-0.0089018
1980w29,110.176,4.7020791,-0.00995548
1980w30,110.86167,4.7082832,0.00620409
1980w31,112.14667,4.7198075,0.01152436
1980w32,111.52333,4.7142338,-0.0055737
1980w33,108.236,4.684314,-0.02991981
1980w34,111.49167,4.7139498,0.02963582
1980w35,112.686,4.7246052,0.01065534
1980w36,113.06333,4.7279481,0.00334294
1980w37,111.86833,4.7173226,-0.01062555
1980w38,110.77167,4.707471,-0.00985156
1980w39,110.57,4.7056488,-0.00182222
1980w40,109.48,4.6957419,-0.00990692
1980w41,108.686,4.688463,-0.00727889
1980w42,110.48833,4.7049099,0.01644694
1980w43,108.842,4.6898973,-0.01501265
1980w44,106.01,4.6635334,-0.02636386
1980w45,105.225,4.6561009,-0.00743251
1980w46,104.49833,4.6491711,-0.00692979
1980w47,104.73667,4.6514493,0.00227814
1980w48,106.85,4.671426,0.01997672
1980w49,106.21333,4.6654497,-0.00597633
1980w50,105.69667,4.6605734,-0.00487629
1980w51,105.39833,4.6577468,-0.00282653
1980w52,106.43,4.6674875,0.00974067
1981w1,94.7,4.550714,-0.11677349
1981w2,99.933333,4.6045033,0.0537893
1981w3,106.66667,4.6697087,0.06520541
1981w4,105.66667,4.6602895,-0.00941922
1981w5,105.36667,4.6574463,-0.00284315
1981w6,105.58,4.659469,0.00202263
1981w7,104.01667,4.6445511,-0.01491782
1981w8,103.4,4.638605,-0.00594618
1981w9,103.84,4.6428513,0.00424629
1981w10,103.26,4.6372501,-0.00560117
1981w11,104.98333,4.6538016,0.01655153
1981w12,105.62,4.6598477,0.00604614
1981w13,106.48333,4.6679885,0.00814073
1981w14,110.05,4.7009348,0.03294633
1981w15,111.33333,4.7125287,0.0115939
1981w16,111.26667,4.7119297,-0.00059898
1981w17,115.45,4.7488375,0.03690781
1981w18,122.16,4.8053317,0.05649413
1981w19,119.1,4.7799635,-0.02536818
1981w20,121.3,4.7982668,0.01830334
1981w21,122,4.804021,0.00575423
1981w22,127.1,4.8449742,0.04095313
1981w23,130.68,4.8727516,0.02777741
1981w24,138.4,4.930148,0.05739646
1981w25,138.8,4.933034,0.002886
1981w26,147.25,4.9921318,0.05909777
1981w27,159.73333,5.0735058,0.08137394
1981w28,158.85,5.0679604,-0.0055454
1981w29,155.68,5.0478026,-0.02015774
1981w30,147.33333,4.9926976,-0.05510503
1981w31,149.26667,5.0057344,0.01303682
1981w32,149.91667,5.0100796,0.00434517
1981w33,142.9,4.9621451,-0.0479345
1981w34,142.73333,4.9609781,-0.001167
1981w35,140.73333,4.9468668,-0.01411124
1981w36,144.25,4.9715479,0.02468106
1981w37,144.66,4.9743862,0.00283826
1981w38,141.6,4.9530062,-0.02137998
1981w39,136.53333,4.9165688,-0.0364374
1981w40,140.525,4.9453854,0.02881662
1981w41,136.72,4.917935,-0.02745037
1981w42,131.63333,4.8800203,-0.03791476
1981w43,127.63333,4.8491616,-0.03085871
1981w44,124.78333,4.8265789,-0.02258267
1981w45,123.78333,4.8185327,-0.00804617
1981w46,125.46667,4.8320401,0.01350739
1981w47,132.91667,4.8897224,0.05768225
1981w48,131.46667,4.8787533,-0.01096903
1981w49,130.15,4.8686876,-0.0100657
1981w50,129.08333,4.8604582,-0.00822944
1981w51,129.53333,4.8639382,0.00348006
1981w52,131.3,4.8774848,0.01354653
1982w1,124.43,4.8237433,-0.05374147
1982w2,127.08833,4.8448824,0.02113907
1982w3,125.65667,4.8335533,-0.01132906
1982w4,125.96333,4.8359909,0.00243754
1982w5,124.42667,4.8237165,-0.01227434
1982w6,124.92833,4.8277402,0.00402372
1982w7,126.085,4.8369563,0.00921604
1982w8,125.79667,4.8346668,-0.00228944
1982w9,129.394,4.862862,0.02819517
1982w10,132.852,4.8892357,0.02637371
1982w11,128.44333,4.8554878,-0.03374791
1982w12,127.22,4.8459179,-0.00956995
1982w13,127.57167,4.8486783,0.00276043
1982w14,126.226,4.838074,-0.01060435
1982w15,123.88833,4.8193806,-0.01869333
1982w16,121.14,4.7969469,-0.02243372
1982w17,121.52333,4.8001063,0.00315939
1982w18,118.2975,4.7732026,-0.02690365
1982w19,112.81667,4.7257641,-0.04743856
1982w20,112.06,4.7190344,-0.00672964
1982w21,115.895,4.7526846,0.03365017
1982w22,115.97667,4.753389,0.00070441
1982w23,118.75833,4.7770906,0.02370159
1982w24,116.975,4.7619602,-0.01513038
1982w25,115.00667,4.7449901,-0.01697014
1982w26,119.84,4.7861575,0.04116742
1982w27,120.31333,4.7900995,0.00394193
1982w28,119.705,4.7850304,-0.00506907
1982w29,120.888,4.7948645,0.00983411
1982w30,122.665,4.8094571,0.01459257
1982w31,125.11,4.8291934,0.01973629
1982w32,124.97167,4.828087,-0.00110631
1982w33,125.42333,4.8316947,0.00360764
1982w34,122.44167,4.8076347,-0.02405996
1982w35,121.98,4.8038571,-0.00377763
1982w36,119.14167,4.7803133,-0.02354384
1982w37,117.82833,4.7692288,-0.0110845
1982w38,116.39,4.7569466,-0.01228214
1982w39,117.59833,4.7672749,0.01032824
1982w40,119.315,4.7817671,0.01449219
1982w41,119.166,4.7805175,-0.00124958
1982w42,117.35833,4.7652319,-0.01528555
1982w43,119.25667,4.781278,0.0160461
1982w44,121.88667,4.8030917,0.02181362
1982w45,121.88333,4.8030643,-0.00002735
1982w46,123.10333,4.8130241,0.00995981
1982w47,122.175,4.8054544,-0.00756967
1982w48,123.79333,4.8186135,0.01315907
1982w49,126.17333,4.8376566,0.01904311
1982w50,127.45667,4.8477764,0.01011981
1982w51,126.95167,4.8438064,-0.00397
1982w52,128.99,4.8597349,0.01592845
1983w1,122.245,4.8060272,-0.05370765
1983w2,120.5,4.7916498,-0.01437747
1983w3,120.25833,4.7896422,-0.00200755
1983w4,117.82,4.769158,-0.02048417
1983w5,118.86,4.7779463,0.00878829
1983w6,119.86167,4.7863383,0.00839197
1983w7,122.19167,4.8055909,0.01925255
1983w8,123.04,4.8125095,0.00691866
1983w9,122.698,4.8097261,-0.00278345
1983w10,122.168,4.8053971,-0.00432891
1983w11,120.58333,4.7923411,-0.01305607
1983w12,119.28833,4.7815435,-0.01079755
1983w13,119.8,4.7858237,0.00428015
1983w14,119.792,4.7857569,-0.00006678
1983w15,122.485,4.8079886,0.02223167
1983w16,128.22333,4.8537735,0.04578496
1983w17,129.31333,4.8622384,0.00846486
1983w18,132.946,4.889943,0.02770463
1983w19,130.74333,4.8732361,-0.01670692
1983w20,125.01,4.8283937,-0.04484238
1983w21,125.40667,4.8315618,0.00316806
1983w22,125.36667,4.8312428,-0.00031901
1983w23,123.286,4.8145069,-0.01673592
1983w24,123.45667,4.8158902,0.00138336
1983w25,124.365,4.8232208,0.00733057
1983w26,123.72667,4.8180748,-0.00514596
1983w27,121.97667,4.8038298,-0.01424506
1983w28,121.71833,4.8017096,-0.00212014
1983w29,123.24,4.8141337,0.01242404
1983w30,124.23,4.8221347,0.00800101
1983w31,124.635,4.8253895,0.00325478
1983w32,123.34667,4.8149988,-0.01039065
1983w33,122.134,4.8051188,-0.00988002
1983w34,120.72833,4.7935428,-0.01157596
1983w35,118.53667,4.7752223,-0.01832051
1983w36,120.01,4.7875751,0.01235274
1983w37,119.275,4.7814318,-0.00614332
1983w38,119.47,4.7830653,0.00163354
1983w39,117.64667,4.7676858,-0.01537951
1983w40,117.0925,4.7629642,-0.00472156
1983w41,117.535,4.7667362,0.00377194
1983w42,118.64667,4.7761499,0.00941373
1983w43,118.22167,4.7725614,-0.0035885
1983w44,121.31,4.7983493,0.02578786
1983w45,120.66,4.7929767,-0.00537258
1983w46,120.41,4.7909026,-0.00207409
1983w47,118.59,4.7756722,-0.01523042
1983w48,117.66,4.7677991,-0.00787306
1983w49,117.70667,4.7681957,0.00039654
1983w50,119.81167,4.7859211,0.01772541
1983w51,121.215,4.7975658,0.01164476
1983w52,121.21,4.7975246,-0.00004125
1984w1,115.25,4.7471037,-0.0504209
1984w2,117.28667,4.7646211,0.0175174
1984w3,118.17167,4.7721384,0.00751729
1984w4,120.635,4.7927695,0.02063109
1984w5,126.54333,4.8405848,0.04781535
1984w6,129.78667,4.8658921,0.02530727
1984w7,131.85333,4.8816902,0.01579812
1984w8,129.435,4.8631788,-0.01851137
1984w9,129.038,4.8601069,-0.00307189
1984w10,127.55,4.8485084,-0.01159849
1984w11,127.71167,4.8497751,0.00126667
1984w12,128.87833,4.8588688,0.00909369
1984w13,132.38,4.8856766,0.02680777
1984w14,134.234,4.8995845,0.01390797
1984w15,133.735,4.8958602,-0.00372432
1984w16,131.50667,4.8790575,-0.01680268
1984w17,133.225,4.8920394,0.01298188
1984w18,135.47,4.9087502,0.01671079
1984w19,131.642,4.8800861,-0.0286641
1984w20,129.875,4.8665724,-0.01351367
1984w21,131.71,4.8806025,0.01403009
1984w22,131.21833,4.8768626,-0.00373993
1984w23,134.138,4.8988691,0.02200652
1984w24,135.77167,4.9109746,0.01210543
1984w25,133.93,4.8973173,-0.01365728
1984w26,130.70667,4.8729556,-0.02436165
1984w27,131.715,4.8806405,0.00768487
1984w28,132.45667,4.8862555,0.00561505
1984w29,132.636,4.8876085,0.00135299
1984w30,135.13,4.9062373,0.01862874
1984w31,135.18667,4.9066565,0.00041926
1984w32,136.45667,4.9160071,0.00935056
1984w33,135.144,4.9063409,-0.00966623
1984w34,134.36667,4.9005724,-0.0057685
1984w35,134.455,4.9012296,0.00065719
1984w36,136.46667,4.9160804,0.01485081
1984w37,135.492,4.9089126,-0.00716779
1984w38,133.95,4.8974666,-0.011446
1984w39,133.24167,4.8921645,-0.00530207
1984w40,134.0075,4.8978958,0.00573125
1984w41,133.928,4.8973023,-0.00059343
1984w42,131.95,4.8824231,-0.01487928
1984w43,130.565,4.8718712,-0.01055188
1984w44,130.15167,4.8687004,-0.00317075
1984w45,133.21667,4.8919769,0.02327644
1984w46,132.78,4.8886936,-0.00328325
1984w47,133.105,4.8911383,0.00244467
1984w48,134.78167,4.9036562,0.01251789
1984w49,137.31,4.9222411,0.01858496
1984w50,137.63333,4.9245931,0.002352
1984w51,139.86167,4.9406538,0.01606069
1984w52,142.46,4.9590613,0.01840742
1985w1,142.27667,4.9577735,-0.00128774
1985w2,141.85667,4.9548172,-0.00295636
1985w3,138.90667,4.9338022,-0.02101491
1985w4,138.91833,4.9338862,0.00008399
1985w5,138.145,4.9283039,-0.00558237
1985w6,136.70667,4.9178375,-0.01046635
1985w7,135.144,4.9063409,-0.01149663
1985w8,134.252,4.8997186,-0.00662225
1985w9,134.966,4.9050229,0.00530426
1985w10,134.21167,4.8994182,-0.00560474
1985w11,133.56333,4.8945758,-0.00484238
1985w12,134.09833,4.8985734,0.00399759
1985w13,135.38,4.9080856,0.00951228
1985w14,137.632,4.9245835,0.01649782
1985w15,136.99333,4.9199323,-0.00465119
1985w16,135.72,4.9105939,-0.00933832
1985w17,134.78167,4.9036562,-0.00693775
1985w18,133.90833,4.8971555,-0.0065007
1985w19,133.43667,4.893627,-0.00352853
1985w20,132.26,4.8847697,-0.00885728
1985w21,132.85,4.8892207,0.00445099
1985w22,133.765,4.8960845,0.00686386
1985w23,134.248,4.8996888,0.00360431
1985w24,139.2,4.9359117,0.03622291
1985w25,138.93333,4.9339942,-0.00191755
1985w26,137.53333,4.9238663,-0.01012789
1985w27,135.285,4.9073837,-0.01648265
1985w28,135.54667,4.909316,0.00193232
1985w29,135.35,4.907864,-0.00145197
1985w30,136.17833,4.9139653,0.00610129
1985w31,137.84167,4.9261057,0.01214038
1985w32,136.61667,4.917179,-0.00892673
1985w33,135.292,4.9074354,-0.00974354
1985w34,136.42167,4.9157506,0.00831517
1985w35,136.41833,4.9157261,-0.00002443
1985w36,135.30833,4.9075561,-0.00817002
1985w37,135.59,4.9096356,0.0020795
1985w38,136.57333,4.9168617,0.00722608
1985w39,137.92333,4.926698,0.00983626
1985w40,139.7925,4.9401592,0.01346121
1985w41,138.754,4.9327026,-0.0074566
1985w42,139.57333,4.9385902,0.00588757
1985w43,141.74,4.9539944,0.01540424
1985w44,141.195,4.9501419,-0.00385248
1985w45,141.835,4.9546644,0.0045225
1985w46,146.895,4.989718,0.03505364
1985w47,146.66667,4.9881624,-0.00155561
1985w48,148.8,5.0026031,0.01444068
1985w49,152.245,5.0254911,0.02288794
1985w50,158.00333,5.0626161,0.03712506
1985w51,157.51333,5.0595101,-0.00310602
1985w52,162.99,5.0936888,0.03417874
1986w1,159.38333,5.0713122,-0.02237665
1986w2,159.305,5.0708206,-0.0004916
1986w3,156.09167,5.0504434,-0.02037716
1986w4,155.45167,5.0463349,-0.00410858
1986w5,161.06167,5.0817873,0.03545246
1986w6,164.66333,5.103903,0.02211567
1986w7,167.08833,5.1185226,0.01461963
1986w8,174.52833,5.1620871,0.04356448
1986w9,177.256,5.177595,0.01550792
1986w10,186.002,5.2257574,0.04816241
1986w11,183.46167,5.2120057,-0.01375168
1986w12,188.54333,5.2393279,0.02732212
1986w13,197.31167,5.2847845,0.04545668
1986w14,204.344,5.3198048,0.03502031
1986w15,210.135,5.3477502,0.02794533
1986w16,212.21,5.3575764,0.00982617
1986w17,198.61167,5.2913515,-0.06622486
1986w18,203.848,5.3173746,0.02602312
1986w19,200.09667,5.2988006,-0.01857403
1986w20,205.15,5.3237414,0.02494084
1986w21,214.84167,5.3699013,0.0461599
1986w22,227.7,5.428029,0.05812765
1986w23,230.28,5.439296,0.01126699
1986w24,238.885,5.4759823,0.0366863
1986w25,244.285,5.4983356,0.02235331
1986w26,247.23833,5.5103528,0.01201721
1986w27,257.94333,5.5527399,0.04238714
1986w28,256.175,5.5458608,-0.00687912
1986w29,254.29,5.5384753,-0.00738546
1986w30,268.80333,5.59398,0.05550466
1986w31,271.01667,5.6021803,0.00820031
1986w32,265.71833,5.5824369,-0.01974347
1986w33,269.65,5.5971248,0.01468797
1986w34,270.75167,5.601202,0.00407722
1986w35,264.155,5.5765361,-0.02466599
1986w36,262.67,5.5708985,-0.00563756
1986w37,265.34333,5.5810246,0.01012609
1986w38,263.8075,5.5752197,-0.00580491
1986w39,256.57333,5.5474145,-0.02780515
1986w40,255.04,5.5414204,-0.00599413
1986w41,252.87,5.5328755,-0.00854487
1986w42,240.315,5.4819506,-0.05092496
1986w43,232.65667,5.4495638,-0.03238673
1986w44,245.01333,5.5013126,0.0517488
1986w45,251.12667,5.5259575,0.02464483
1986w46,253.975,5.5372358,0.01127838
1986w47,263.85667,5.575406,0.03817019
1986w48,270.15667,5.599002,0.02359601
1986w49,271.765,5.6049377,0.00593568
1986w50,274.68833,5.6156371,0.0106994
1986w51,272.67333,5.6082745,-0.00736262
1986w52,271.48,5.6038885,-0.00438603
1987w1,268.52,5.5929254,-0.01096307
1987w2,277.55,5.6260011,0.0330757
1987w3,294.58667,5.6855732,0.05957215
1987w4,299.06167,5.7006498,0.01507655
1987w5,308.822,5.7327651,0.03211526
1987w6,319.01,5.7652225,0.03245739
1987w7,317.58333,5.7607403,-0.0044822
1987w8,324.59667,5.7825834,0.02184313
1987w9,336.51333,5.8186378,0.03605439
1987w10,349.126,5.8554329,0.03679512
1987w11,359.13167,5.8836891,0.02825619
1987w12,374.19833,5.924786,0.04109688
1987w13,396.03333,5.9814984,0.05671242
1987w14,388.18167,5.9614734,-0.02002494
1987w15,366.72833,5.9046213,-0.05685211
1987w16,360.06333,5.8862799,-0.0183414
1987w17,356.61167,5.8766474,-0.00963252
1987w18,364.742,5.8991903,0.02254283
1987w19,381.41167,5.9438793,0.04468903
1987w20,387.9,5.9607476,0.01686829
1987w21,394.73667,5.9782189,0.0174713
1987w22,383.74667,5.9499826,-0.02823626
1987w23,385.65,5.9549302,0.00494761
1987w24,387.68667,5.9601975,0.00526723
1987w25,384.8,5.9527237,-0.00747373
1987w26,396.37,5.9823481,0.0296244
1987w27,424.29667,6.0504329,0.06808478
1987w28,458.74,6.1284836,0.0780507
1987w29,463.624,6.1390739,0.01059028
1987w30,467.735,6.1479019,0.00882802
1987w31,485.20167,6.1845646,0.03666272
1987w32,476.5,6.1664677,-0.01809689
1987w33,489.014,6.1923911,0.0259234
1987w34,494.92333,6.2044029,0.01201175
1987w35,471.23333,6.1553534,-0.0490495
1987w36,470.875,6.1545927,-0.00076071
1987w37,489.28833,6.192952,0.03835929
1987w38,489.82667,6.1940516,0.00109963
1987w39,479.35333,6.172438,-0.02161361
1987w40,499.65333,6.2139145,0.04147655
1987w41,512.6275,6.2395495,0.02563494
1987w42,510.78667,6.235952,-0.00359744
1987w43,513.494,6.2412383,0.00528632
1987w44,506.56833,6.2276592,-0.01357912
1987w45,489.055,6.192475,-0.03518427
1987w46,464.83833,6.1416897,-0.05078528
1987w47,472.62833,6.1583093,0.01661964
1987w48,473.53,6.1602153,0.00190595
1987w49,479.89167,6.1735604,0.01334512
1987w50,471.682,6.156305,-0.01725535
1987w51,499.51,6.2136276,0.05732259
1987w52,521.55,6.2568051,0.04317753
1988w1,534.6225,6.2815609,0.02475574
1988w2,563.20667,6.3336466,0.05208575
1988w3,582.72333,6.3677125,0.03406587
1988w4,602.96833,6.4018647,0.03415216
1988w5,638.81,6.4596071,0.05774239
1988w6,641.43,6.4637001,0.00409299
1988w7,647.26,6.4727481,0.00904801
1988w8,659.51,6.4914971,0.01874907
1988w9,620.386,6.4303419,-0.06115527
1988w10,612.872,6.4181561,-0.01218576
1988w11,619.35667,6.4286813,0.0105252
1988w12,630.71833,6.4468594,0.01817808
1988w13,639.56667,6.4607909,0.01393148
1988w14,655.688,6.4856851,0.0248942
1988w15,645.7,6.470335,-0.01535007
1988w16,637.34167,6.4573059,-0.01302912
1988w17,633.834,6.4517871,-0.00551879
1988w18,648.26,6.4742919,0.02250476
1988w19,639.4,6.4605302,-0.01376161
1988w20,666.50833,6.5020526,0.04152241
1988w21,703.154,6.5555759,0.05352329
1988w22,718.39167,6.5770149,0.02143899
1988w23,732.178,6.5960237,0.01900874
1988w24,718.19333,6.5767388,-0.01928485
1988w25,701.67333,6.553468,-0.02327084
1988w26,691.35333,6.538651,-0.01481693
1988w27,704.60333,6.557635,0.01898397
1988w28,695.30167,6.5443458,-0.01328919
1988w29,675.48667,6.5154334,-0.02891239
1988w30,704.55333,6.557564,0.04213061
1988w31,710.33833,6.5657414,0.00817735
1988w32,691.85333,6.539374,-0.0263674
1988w33,708.362,6.5629553,0.02358128
1988w34,693.74667,6.5421069,-0.0208484
1988w35,670.76,6.5084114,-0.03369546
1988w36,671.53333,6.5095637,0.00115226
1988w37,684.085,6.5280822,0.01851852
1988w38,669.46,6.5064714,-0.02161076
1988w39,673.4,6.5123395,0.00586809
1988w40,677.0375,6.5177267,0.00538716
1988w41,678.47167,6.5198427,0.00211606
1988w42,716.33167,6.5741433,0.05430056
1988w43,751.495,6.6220646,0.04792127
1988w44,740.655,6.6075349,-0.01452963
1988w45,763.01667,6.6372799,0.02974494
1988w46,763.27333,6.6376162,0.00033633
1988w47,787.70667,6.6691258,0.03150957
1988w48,823.68167,6.7137841,0.04465836
1988w49,852.32333,6.747966,0.03418183
1988w50,905.20333,6.8081596,0.06019364
1988w51,902.65833,6.8053441,-0.00281548
1988w52,889.76333,6.7909555,-0.0143886
1989w1,919.2225,6.8235282,0.03257269
1989w2,894.105,6.7958232,-0.02770499
1989w3,872.00833,6.770799,-0.02502424
1989w4,863.72,6.7612486,-0.00955034
1989w5,884.05333,6.7845174,0.02326875
1989w6,888.905,6.7899904,0.00547298
1989w7,899.47833,6.801815,0.0118246
1989w8,919.505,6.8238355,0.02202052
1989w9,916.004,6.8200207,-0.00381475
1989w10,939.65,6.8455075,0.02548673
1989w11,980.31,6.8878688,0.04236138
1989w12,983.325,6.8909397,0.00307084
1989w13,989.225,6.8969218,0.00598212
1989w14,990.106,6.897812,0.0008902
1989w15,948.865,6.8552665,-0.04254547
1989w16,954.08,6.8607475,0.00548099
1989w17,940.48,6.8463904,-0.01435714
1989w18,942.354,6.848381,0.00199062
1989w19,946.25,6.8525068,0.0041258
1989w20,929.72167,6.8348853,-0.01762155
1989w21,932.31333,6.837669,0.00278369
1989w22,931.17667,6.836449,-0.00121993
1989w23,898.232,6.8004284,-0.03602063
1989w24,920.78333,6.8252248,0.02479637
1989w25,896.10833,6.7980613,-0.02716344
1989w26,865.65333,6.7634845,-0.03457679
1989w27,871.75833,6.7705122,0.00702772
1989w28,887.87667,6.7888328,0.0183206
1989w29,898.928,6.8012029,0.0123701
1989w30,895.20333,6.7970509,-0.00415206
1989w31,893.11667,6.7947172,-0.00233366
1989w32,911.16167,6.8147203,0.02000312
1989w33,905.872,6.808898,-0.00582233
1989w34,935.47167,6.8410509,0.03215284
1989w35,979.10167,6.8866355,0.04558463
1989w36,965.17333,6.8723077,-0.01432778
1989w37,961.55,6.8685466,-0.00376114
1989w38,941.44167,6.8474124,-0.02113418
1989w39,932.69833,6.8380818,-0.00933057
1989w40,924.995,6.8297883,-0.00829349
1989w41,929.254,6.8343821,0.00459378
1989w42,913.71,6.8175132,-0.01686888
1989w43,896.71167,6.7987344,-0.01877887
1989w44,890.46333,6.7917419,-0.00699244
1989w45,899.85833,6.8022373,0.01049542
1989w46,908.57333,6.8118756,0.00963826
1989w47,894.545,6.7963152,-0.01556039
1989w48,898.31667,6.8005226,0.00420743
1989w49,874.66333,6.7738391,-0.02668359
1989w50,901.32333,6.8038641,0.030025
1989w51,929.50667,6.834654,0.03078993
1989w52,909.72,6.8131369,-0.02151712
1990w1,916.345,6.8203929,0.00725607
1990w2,908.5,6.8117949,-0.00859804
1990w3,876.14333,6.7755297,-0.03626519
1990w4,899.685,6.8020447,0.026515
1990w5,886.80833,6.7876289,-0.01441583
1990w6,879.985,6.7799049,-0.00772401
1990w7,869.96167,6.7684491,-0.01145571
1990w8,853.07667,6.7488494,-0.01959973
1990w9,864.148,6.7617441,0.01289463
1990w10,854.146,6.7501021,-0.01164191
1990w11,840.565,6.7340743,-0.01602785
1990w12,844.07667,6.7382433,0.00416904
1990w13,832.16,6.7240247,-0.0142186
1990w14,830.986,6.7226129,-0.00141178
1990w15,807.39167,6.6938089,-0.02880406
1990w16,778.48167,6.6573454,-0.03646345
1990w17,748.88,6.6185788,-0.03876668
1990w18,735.065,6.5999589,-0.01861983
1990w19,777.42833,6.6559915,0.05603253
1990w20,753.465,6.6246826,-0.0313089
1990w21,784.06333,6.6644898,0.03980723
1990w22,793.07167,6.6759136,0.01142379
1990w23,806.01,6.6920961,0.01618256
1990w24,778.15333,6.6569236,-0.03517256
1990w25,747.41667,6.6166228,-0.04030077
1990w26,729.27667,6.5920532,-0.02456964
1990w27,724.36667,6.5852977,-0.00675547
1990w28,704.15167,6.5569938,-0.02830394
1990w29,691.158,6.5383685,-0.01862532
1990w30,679.175,6.5208788,-0.01748963
1990w31,680.07667,6.5222055,0.00132671
1990w32,654.515,6.4838945,-0.03831103
1990w33,631.032,6.4473566,-0.03653793
1990w34,604.03167,6.4036266,-0.04372995
1990w35,624.535,6.4370074,0.03338075
1990w36,622.44167,6.4336499,-0.00335746
1990w37,606.53,6.4077542,-0.02589572
1990w38,583.87,6.3696784,-0.03807584
1990w39,594.86667,6.3883373,0.01865894
1990w40,620.3,6.4302032,0.04186594
1990w41,623.16,6.4348033,0.00460008
1990w42,668.60833,6.5051984,0.07039513
1990w43,755.14167,6.6269054,0.12170693
1990w44,710.155,6.5654833,-0.06142211
1990w45,706.69,6.5605921,-0.00489116
1990w46,701.18,6.5527646,-0.00782747
1990w47,677.455,6.5183431,-0.0344215
1990w48,694.28833,6.5428873,0.02454421
1990w49,721.31167,6.5810713,0.03818397
1990w50,718.96167,6.577808,-0.00326327
1990w51,703.595,6.5562029,-0.02160513
1990w52,694.935,6.5438183,-0.01238459
1991w1,688.1175,6.5339596,-0.00985871
1991w2,647.445,6.4730338,-0.06092576
1991w3,641.12333,6.4632218,-0.009812
1991w4,632.54,6.4497435,-0.01347839
1991w5,634.86333,6.4534098,0.00366629
1991w6,631.93167,6.4487813,-0.00462849
1991w7,655.70333,6.4857085,0.03692718
1991w8,677.625,6.518594,0.03288559
1991w9,674.504,6.5139776,-0.00461643
1991w10,676.68667,6.5172083,0.00323073
1991w11,680.15167,6.5223158,0.00510747
1991w12,664.71,6.4993509,-0.02296496
1991w13,653.18,6.4818527,-0.01749811
1991w14,648.918,6.4753064,-0.00654638
1991w15,640.90333,6.4628786,-0.01242772
1991w16,626.39333,6.4399785,-0.02290014
1991w17,635.73833,6.4547871,0.01480855
1991w18,646.24833,6.4711838,0.01639679
1991w19,631.80833,6.4485861,-0.02259777
1991w20,634.645,6.4530658,0.00447971
1991w21,620.618,6.4307158,-0.02235003
1991w22,611.47,6.4158659,-0.01484986
1991w23,606.144,6.4071176,-0.00874831
1991w24,610.81833,6.4147996,0.00768201
1991w25,598.474,6.3943831,-0.02041651
1991w26,603.365,6.4025223,0.00813924
1991w27,610.00667,6.4134699,0.01094757
1991w28,625.63333,6.4387645,0.02529458
1991w29,649.94,6.4768801,0.03811558
1991w30,678.42,6.5197666,0.04288651
1991w31,734.30333,6.5989222,0.07915564
1991w32,735.94,6.6011486,0.00222639
1991w33,694.722,6.5435118,-0.05763683
1991w34,698.92167,6.5495387,0.00602691
1991w35,685.41667,6.5300269,-0.01951175
1991w36,680.01833,6.5221198,-0.00790717
1991w37,686.26833,6.5312687,0.00914895
1991w38,685.295,6.5298494,-0.00141931
1991w39,687.62333,6.5332412,0.0033918
1991w40,711.748,6.5677239,0.03448271
1991w41,707.77333,6.5621239,-0.00560002
1991w42,699.90667,6.550947,-0.0111769
1991w43,706.41833,6.5602076,0.00926061
1991w44,689.12167,6.5354178,-0.02478976
1991w45,678.655,6.5201129,-0.01530494
1991w46,670.66167,6.5082648,-0.01184811
1991w47,661.06833,6.4938572,-0.01440757
1991w48,652.51667,6.4808367,-0.01302053
1991w49,627.885,6.442357,-0.03847965
1991w50,641.30833,6.4635104,0.02115333
1991w51,606.375,6.4074986,-0.05601175
1991w52,610.755,6.4146959,0.00719729
1992w1,642.4775,6.4653318,0.0506359
1992w2,621.06167,6.4314304,-0.03390142
1992w3,619.43667,6.4288105,-0.00261992
1992w4,662.85833,6.4965613,0.06775083
1992w5,673.8225,6.5129667,0.01640543
1992w6,686.944,6.5322528,0.01928605
1992w7,650.90333,6.4783611,-0.05389163
1992w8,637.41,6.4574131,-0.02094805
1992w9,618.30667,6.4269846,-0.03042853
1992w10,625.66,6.4388071,0.01182253
1992w11,614.29,6.4204671,-0.01833996
1992w12,616.77,6.4244962,0.00402905
1992w13,607.26333,6.4089625,-0.01553366
1992w14,590,6.3801225,-0.02883999
1992w15,574.74333,6.3539236,-0.02619897
1992w16,586.21167,6.3736809,0.01975737
1992w17,593.85833,6.3866408,0.01295986
1992w18,616.868,6.4246551,0.03801427
1992w19,597.16333,6.3921907,-0.0324644
1992w20,588.50167,6.3775798,-0.01461091
1992w21,575.565,6.3553522,-0.02222759
1992w22,574.25333,6.3530706,-0.00228152
1992w23,566.48,6.3394418,-0.01362887
1992w24,573.355,6.3515051,0.0120633
1992w25,565.865,6.3383555,-0.01314954
1992w26,551.30667,6.3122912,-0.02606432
1992w27,543.98833,6.2989278,-0.01336342
1992w28,522.97667,6.2595368,-0.03939095
1992w29,509.716,6.2338537,-0.02568314
1992w30,520.035,6.2538961,0.02004241
1992w31,507.45,6.2293982,-0.02449793
1992w32,498.87833,6.2123622,-0.01703594
1992w33,477.378,6.1683086,-0.04405362
1992w34,475.95,6.1653128,-0.00299582
1992w35,535.60833,6.2834032,0.11809037
1992w36,552.73167,6.3148727,0.03146948
1992w37,549.08333,6.3082502,-0.00662243
1992w38,531.53833,6.2757753,-0.0324749
1992w39,521.275,6.2562777,-0.01949758
1992w40,509.136,6.2327152,-0.02356256
1992w41,520.35667,6.2545145,0.0217993
1992w42,528.72,6.270459,0.01594452
1992w43,570.78667,6.3470155,0.07655654
1992w44,607.38,6.4091546,0.0621391
1992w45,653.87833,6.4829213,0.07376667
1992w46,638.21,6.4586674,-0.02425392
1992w47,644.64667,6.4687024,0.01003498
1992w48,656.74833,6.4873009,0.01859853
1992w49,631.58,6.4482246,-0.03907627
1992w50,642.865,6.4659347,0.01771013
1992w51,657.694,6.4887398,0.02280503
1992w52,678.04,6.5192063,0.03046651
1993w1,693.3875,6.541589,0.02238272
1993w2,703.98333,6.5567547,0.01516568
1993w3,696.17833,6.5456059,-0.01114883
1993w4,698.1175,6.5483874,0.00278157
1993w5,673.775,6.5128962,-0.0354912
1993w6,675.84833,6.5159687,0.00307246
1993w7,671.58333,6.5096381,-0.00633058
1993w8,664.39,6.4988693,-0.01076878
1993w9,635.32,6.4541288,-0.04474052
1993w10,617.722,6.4260385,-0.02809029
1993w11,646.00667,6.4708098,0.04477131
1993w12,665.405,6.5003959,0.02958605
1993w13,661.015,6.4937765,-0.00661935
1993w14,692.456,6.5402447,0.04646817
1993w15,712.40333,6.5686442,0.02839953
1993w16,722.95833,6.5833516,0.01470736
1993w17,729.48833,6.5923434,0.00899178
1993w18,717.694,6.5760433,-0.01630008
1993w19,703.88,6.5566079,-0.01943541
1993w20,717.38333,6.5756103,0.01900245
1993w21,731.60667,6.595243,0.0196327
1993w22,753.198,6.6243281,0.02908511
1993w23,766.64167,6.6420195,0.01769136
1993w24,762.24167,6.6362637,-0.00575585
1993w25,764.075,6.638666,0.0024023
1993w26,748.55333,6.6181425,-0.0205235
1993w27,751.95833,6.6226809,0.00453846
1993w28,766.28333,6.641552,0.01887107
1993w29,751.382,6.6219142,-0.01963781
1993w30,745.23833,6.6137041,-0.0082101
1993w31,725.58333,6.5869759,-0.02672815
1993w32,719.49667,6.5785519,-0.00842404
1993w33,698.66667,6.5491738,-0.02937814
1993w34,717.86333,6.5762792,0.02710545
1993w35,677.59667,6.5185522,-0.05772698
1993w36,682.08,6.525147,0.00659473
1993w37,694.55333,6.543269,0.018122
1993w38,694.185,6.5427385,-0.00053046
1993w39,710.6125,6.5661273,0.02338878
1993w40,717.406,6.5756419,0.00951465
1993w41,725.125,6.5863441,0.01070213
1993w42,740.32833,6.6070938,0.02074973
1993w43,741.90167,6.6092167,0.00212293
1993w44,756.34,6.628491,0.0192743
1993w45,776.59667,6.6549211,0.02643011
1993w46,805.715,6.6917301,0.03680896
1993w47,831.285,6.7229727,0.03124261
1993w48,806.845,6.6931316,-0.02984112
1993w49,826.46167,6.7171535,0.02402196
1993w50,862.06833,6.7593345,0.042181
1993w51,863.24833,6.7607024,0.00136787
1993w52,867.16,6.7652235,0.0045211
1994w1,886.394,6.7871615,0.02193804
1994w2,884.67833,6.7852241,-0.00193743
1994w3,873.435,6.7724337,-0.0127904
1994w4,897.71667,6.7998545,0.02742079
1994w5,957.60333,6.8644336,0.06457913
1994w6,926.82667,6.8317666,-0.03266707
1994w7,914.42333,6.8182936,-0.01347294
1994w8,939.01167,6.8448279,0.02653427
1994w9,910.112,6.8135677,-0.03126023
1994w10,890.25667,6.7915098,-0.02205786
1994w11,904.30667,6.8071685,0.01565873
1994w12,880.18667,6.780134,-0.02703453
1994w13,871.175,6.7698429,-0.01029113
1994w14,862.954,6.7603614,-0.00948149
1994w15,885.68167,6.7863576,0.02599621
1994w16,886.57,6.7873601,0.00100249
1994w17,896.67167,6.7986898,0.01132968
1994w18,919.14,6.8234385,0.02474869
1994w19,945.96167,6.852202,0.0287636
1994w20,946.228,6.8524836,0.00028151
1994w21,947.68667,6.8540239,0.00154037
1994w22,941.62,6.8476018,-0.00642213
1994w23,929.946,6.8351265,-0.01247528
1994w24,909.35,6.8127301,-0.02239646
1994w25,934.48833,6.8399991,0.02726908
1994w26,929.42,6.8345607,-0.00543841
1994w27,949.695,6.8561409,0.02158014
1994w28,956.12333,6.8628869,0.00674603
1994w29,940.78,6.8467093,-0.0161776
1994w30,936.49667,6.842146,-0.00456336
1994w31,929.165,6.8342863,-0.00785963
1994w32,930.76167,6.8360032,0.00171691
1994w33,943.436,6.8495285,0.01352528
1994w34,950.32667,6.8568058,0.00727726
1994w35,942.50333,6.8485395,-0.00826633
1994w36,973.985,6.8813959,0.03285645
1994w37,994.41833,6.902158,0.02076207
1994w38,1029.5367,6.9368641,0.03470617
1994w39,1043.7317,6.9505577,0.01369357
1994w40,1062.386,6.9682726,0.01771489
1994w41,1083.145,6.9876241,0.01935152
1994w42,1099.7483,7.0028366,0.01521252
1994w43,1086.7317,6.99093,-0.01190664
1994w44,1109.2167,7.0114093,0.02047934
1994w45,1130.7633,7.0306482,0.01923886
1994w46,1121.4033,7.0223362,-0.00831204
1994w47,1100.3033,7.0033412,-0.01899498
1994w48,1071.0733,6.9764165,-0.02692464
1994w49,1059.0617,6.9651386,-0.01127796
1994w50,1032.1983,6.9394461,-0.02569246
1994w51,1032.7933,6.9400224,0.00057627
1994w52,1028.28,6.9356428,-0.0043796
1995w1,990.152,6.8978585,-0.03778432
1995w2,989.62667,6.8973278,-0.0005307
1995w3,964.095,6.8711898,-0.02613793
1995w4,921.58667,6.8260968,-0.04509302
1995w5,945.29,6.8514918,0.02539494
1995w6,953.155,6.8597775,0.00828578
1995w7,927.97167,6.8330012,-0.02677633
1995w8,913.30167,6.8170662,-0.01593496
1995w9,902.164,6.8047963,-0.01226992
1995w10,941.995,6.848,0.04320364
1995w11,953.545,6.8601866,0.01218665
1995w12,950.185,6.8566567,-0.00352992
1995w13,938.49667,6.8442793,-0.0123774
1995w14,912.622,6.8163218,-0.02795753
1995w15,899.13333,6.8014313,-0.01489044
1995w16,908.25667,6.811527,0.01009567
1995w17,887.35333,6.7882432,-0.02328376
1995w18,916.82,6.8209112,0.03266791
1995w19,894.38,6.7961307,-0.02478042
1995w20,881.78833,6.781952,-0.0141787
1995w21,854.94667,6.7510391,-0.03091295
1995w22,887.925,6.7888873,0.03784819
1995w23,892.444,6.7939638,0.00507649
1995w24,883.18333,6.7835328,-0.01043096
1995w25,877.51333,6.7770921,-0.00644065
1995w26,885.87,6.7865702,0.00947806
1995w27,921.84667,6.8263789,0.03980869
1995w28,966.64,6.8738261,0.04744724
1995w29,960.068,6.8670041,-0.00682203
1995w30,944.515,6.8506716,-0.01633255
1995w31,928.075,6.8331125,-0.01755902
1995w32,912.39833,6.8160767,-0.01703588
1995w33,906.946,6.8100829,-0.00599375
1995w34,921.25333,6.8257351,0.01565215
1995w35,916.30833,6.8203529,-0.00538215
1995w36,937.445,6.8431581,0.02280517
1995w37,969.75167,6.87704,0.03388194
1995w38,1000.6,6.9083551,0.03131507
1995w39,984.23833,6.8918681,-0.01648702
1995w40,990.64,6.8983512,0.00648312
1995w41,1011.8633,6.9195488,0.0211976
1995w42,1002.4283,6.9101807,-0.00936813
1995w43,993.6,6.9013347,-0.00884596
1995w44,990.84,6.8985531,-0.00278164
1995w45,979.07333,6.8866065,-0.01194652
1995w46,945.34833,6.8515535,-0.03505308
1995w47,931.76167,6.8370771,-0.01447641
1995w48,941.93,6.847931,0.0108539
1995w49,953.1,6.8597198,0.01178887
1995w50,918.84,6.823112,-0.03660783
1995w51,889.60833,6.7907813,-0.03233071
1995w52,879.655,6.7795298,-0.01125151
1996w1,865.95,6.7638272,-0.01570261
1996w2,878.605,6.7783354,0.01450825
1996w3,855.12,6.7512418,-0.02709361
1996w4,859.91667,6.7568355,0.00559368
1996w5,879.77667,6.7796681,0.0228326
1996w6,883.62667,6.7840347,0.00436656
1996w7,871.66667,6.7704071,-0.01362756
1996w8,877.4975,6.7770741,0.00666702
1996w9,856.694,6.7530808,-0.02399331
1996w10,853.14667,6.7489315,-0.00414932
1996w11,848.17333,6.743085,-0.00584646
1996w12,865.595,6.7634171,0.02033211
1996w13,862.83833,6.7602273,-0.00318979
1996w14,881.21,6.781296,0.02106862
1996w15,880.282,6.7802423,-0.00105365
1996w16,927.52833,6.8325233,0.05228103
1996w17,957.58,6.8644093,0.03188593
1996w18,971.554,6.8788969,0.01448758
1996w19,972.21667,6.8795787,0.00068184
1996w20,951.38,6.8579136,-0.02166513
1996w21,921.764,6.8262892,-0.03162434
1996w22,905.09333,6.8080381,-0.01825116
1996w23,906.21,6.8092711,0.001233
1996w24,875.14,6.7743839,-0.03488719
1996w25,861.775,6.7589942,-0.01538966
1996w26,827.34333,6.7182198,-0.04077445
1996w27,841.16333,6.7347859,0.01656609
1996w28,847.89,6.7427509,0.00796506
1996w29,824.136,6.7143356,-0.02841535
1996w30,824.81333,6.7151571,0.00082153
1996w31,819.95333,6.7092474,-0.00590967
1996w32,832.16,6.7240247,0.0147773
1996w33,824.582,6.7148766,-0.00914814
1996w34,787.78833,6.6692294,-0.04564715
1996w35,768.75167,6.644768,-0.02446145
1996w36,782.025,6.6618867,0.01711872
1996w37,794.39333,6.6775787,0.01569201
1996w38,774.435,6.6521337,-0.02544499
1996w39,780.10667,6.6594307,0.00729693
1996w40,785.378,6.6661651,0.00673447
1996w41,819.195,6.7083222,0.04215702
1996w42,834.53667,6.7268767,0.01855453
1996w43,808.975,6.695768,-0.03110867
1996w44,765.78,6.6408949,-0.05487309
1996w45,740.00833,6.6066614,-0.03423347
1996w46,746.56333,6.6154805,0.00881901
1996w47,743.672,6.6116001,-0.00388038
1996w48,725.32333,6.5866175,-0.02498254
1996w49,711.93167,6.5679819,-0.0186356
1996w50,694.245,6.5428249,-0.02515701
1996w51,680.60667,6.5229846,-0.01984037
1996w52,668.2,6.5045875,-0.01839703
1997w1,633.78,6.4517019,-0.05288564
1997w2,652.60667,6.4809746,0.02927271
1997w3,702.67167,6.5548897,0.07391514
1997w4,674.67833,6.514236,-0.0406537
1997w5,682.04167,6.5250908,0.01085472
1997w6,705.51,6.5589209,0.03383019
1997w7,715.4,6.5728418,0.01392088
1997w8,692.02667,6.5396245,-0.03321734
1997w9,677.052,6.5177481,-0.02187641
1997w10,672.1,6.5104071,-0.00734094
1997w11,653.76333,6.4827454,-0.02766173
1997w12,632.67833,6.4499621,-0.03278328
1997w13,663.11,6.4969409,0.04697876
1997w14,686.978,6.5323023,0.03536138
1997w15,697.19667,6.5470675,0.01476526
1997w16,696.46667,6.5460199,-0.0010476
1997w17,697.38333,6.5473352,0.0013153
1997w18,703.9425,6.5566967,0.00936144
1997w19,682.725,6.5260921,-0.03060453
1997w20,712.32,6.5685272,0.04243511
1997w21,726.68833,6.5884977,0.01997043
1997w22,751.36667,6.6218938,0.03339609
1997w23,767.306,6.6428857,0.02099191
1997w24,783.81833,6.6641773,0.0212916
1997w25,763.58833,6.6380288,-0.02614846
1997w26,746.34667,6.6151902,-0.02283862
1997w27,775.79,6.6538819,0.03869167
1997w28,765.805,6.6409276,-0.0129543
1997w29,739.23,6.6056091,-0.03531846
1997w30,733.69667,6.5980957,-0.00751342
1997w31,731.65667,6.5953114,-0.00278431
1997w32,755.30667,6.6271238,0.03181248
1997w33,751.1,6.6215388,-0.00558505
1997w34,740.115,6.6068056,-0.01473322
1997w35,702.96,6.5553,-0.05150559
1997w36,694.56667,6.5432881,-0.01201184
1997w37,696.515,6.5460893,0.00280118
1997w38,678.668,6.5201321,-0.02595728
1997w39,640.435,6.4621476,-0.05798442
1997w40,640.392,6.4620805,-0.00006714
1997w41,613.925,6.4198728,-0.04220772
1997w42,581.11333,6.3649458,-0.05492697
1997w43,558.41833,6.3251084,-0.03983742
1997w44,502.25333,6.2191046,-0.10600374
1997w45,528.06167,6.2692131,0.05010843
1997w46,511.33,6.2370152,-0.0321979
1997w47,478.78833,6.1712586,-0.06575657
1997w48,410.26667,6.0168074,-0.15445125
1997w49,409.63333,6.0152625,-0.0015449
1997w50,379.63,5.9391971,-0.07606536
1997w51,395.624,5.9804643,0.04126717
1997w52,367.63667,5.9070951,-0.07336913
1998w1,399.435,5.990051,0.08295592
1998w2,445.635,6.0995002,0.10944918
1998w3,509.82833,6.2340741,0.13457384
1998w4,499.755,6.214118,-0.01995609
1998w5,553.376,6.3160377,0.10191972
1998w6,537.89167,6.2876572,-0.02838052
1998w7,489.875,6.1941503,-0.09350692
1998w8,527.47667,6.2681046,0.07395437
1998w9,558.39667,6.3250696,0.05696495
1998w10,524.755,6.2629315,-0.06213809
1998w11,528.005,6.2691058,0.00617427
1998w12,516.62833,6.2473237,-0.02178203
1998w13,488.67667,6.1917011,-0.05562267
1998w14,446.93167,6.1024057,-0.08929535
1998w15,476.23667,6.1659149,0.06350922
1998w16,442.135,6.0916153,-0.07429966
1998w17,411.40333,6.0195741,-0.07204119
1998w18,398.945,5.9888236,-0.03075052
1998w19,366.215,5.9032206,-0.08560297
1998w20,359.79833,5.8855437,-0.0176769
1998w21,338.23167,5.8237311,-0.06181262
1998w22,330.835,5.8016198,-0.0221113
1998w23,337.7925,5.8224318,0.02081204
1998w24,300.93667,5.7068998,-0.11553197
1998w25,311.8,5.742362,0.03546212
1998w26,302.175,5.7110063,-0.03135564
1998w27,312.34167,5.7440977,0.03309135
1998w28,309.13167,5.7337673,-0.01033038
1998w29,353.308,5.8673402,0.13357291
1998w30,337.205,5.8206911,-0.04664914
1998w31,335.205,5.8147423,-0.00594877
1998w32,314.19,5.7499979,-0.06474439
1998w33,300.458,5.705308,-0.04468992
1998w34,311.91333,5.7427254,0.03741739
1998w35,310.38333,5.7378081,-0.00491728
1998w36,321.43667,5.7728005,0.03499244
1998w37,319.59833,5.767065,-0.00573553
1998w38,299.385,5.7017304,-0.06533463
1998w39,308.20333,5.7307597,0.02902937
1998w40,309.12667,5.7337511,0.00299138
1998w41,335.99833,5.8171062,0.08335508
1998w42,378.22333,5.9354849,0.11837865
1998w43,373.30333,5.9223913,-0.01309353
1998w44,397.36833,5.9848636,0.06247233
1998w45,413.325,6.0242342,0.03937057
1998w46,415.40333,6.0292499,0.00501573
1998w47,455.02167,6.120345,0.0910951
1998w48,448.90667,6.106815,-0.01353004
1998w49,492.675,6.1998497,0.09303473
1998w50,561.582,6.3307578,0.13090807
1998w51,544.058,6.2990559,-0.03170194
1998w52,558.91,6.3259885,0.0269326
1999w1,609.0175,6.411847,0.08585854
1999w2,627.184,6.44124,0.02939296
1999w3,610.136,6.4136819,-0.02755808
1999w4,551.648,6.3129102,-0.10077172
1999w5,564.772,6.3364221,0.02351195
1999w6,533.726,6.2798826,-0.05653951
1999w7,544.09,6.2991147,0.01923208
1999w8,506.222,6.2269753,-0.07213937
1999w9,530.2025,6.273259,0.0462837
1999w10,566.83,6.3400594,0.06680043
1999w11,592.83,6.3849077,0.04484824
1999w12,609.77,6.4130818,0.02817416
1999w13,616.956,6.4247977,0.01171587
1999w14,667.015,6.5028125,0.07801483
1999w15,695.256,6.5442801,0.04146759
1999w16,749.164,6.6189579,0.0746778
1999w17,772.782,6.649997,0.03103907
1999w18,772.7075,6.6499006,-0.00009641
1999w19,784.354,6.6648604,0.01495987
1999w20,725.706,6.587145,-0.07771547
1999w21,710.298,6.5656846,-0.02146037
1999w22,755.038,6.6267681,0.06108348
1999w23,830.588,6.7221339,0.0953658
1999w24,827.206,6.7180538,-0.00408013
1999w25,869.726,6.7681782,0.05012446
1999w26,897.112,6.7991807,0.0310025
1999w27,978.156,6.8856692,0.08648845
1999w28,991.098,6.8988134,0.01314425
1999w29,997.124,6.9048751,0.00606172
1999w30,929.984,6.8351674,-0.06970775
1999w31,963.476,6.8705476,0.0353802
1999w32,949.864,6.8563188,-0.01422876
1999w33,887.714,6.7886496,-0.0676692
1999w34,930.252,6.8354555,0.0468059
1999w35,929.044,6.8341561,-0.00129942
1999w36,937.044,6.8427302,0.00857414
1999w37,956.056,6.8628165,0.02008625
1999w38,939.5175,6.8453664,-0.01745004
1999w39,877.395,6.7769573,-0.06840916
1999w40,827.146,6.7179812,-0.05897607
1999w41,850.318,6.7456104,0.02762918
1999w42,829.904,6.72131,-0.02430037
1999w43,805.948,6.6920192,-0.02929081
1999w44,879.842,6.7797423,0.08772312
1999w45,930.066,6.8352556,0.05551321
1999w46,977.908,6.8854156,0.05016004
1999w47,977.408,6.8849042,-0.00051143
1999w48,975.428,6.8828763,-0.00202782
1999w49,986.696,6.894362,0.01148564
1999w50,989.322,6.8970199,0.00265787
1999w51,963.42,6.8704895,-0.02653041
1999w52,1008.4767,6.9161962,0.04570677
2000w1,988.6975,6.8963884,-0.0198078
2000w2,964.532,6.871643,-0.02474541
2000w3,954.928,6.8616359,-0.01000706
2000w4,910.886,6.8144178,-0.04721819
2000w5,941.61,6.8475912,0.03317342
2000w6,965.96,6.8731224,0.02553125
2000w7,889.346,6.7904864,-0.08263606
2000w8,861.628,6.7588236,-0.03166274
2000w9,859.22,6.756025,-0.00279862
2000w10,901.712,6.8042952,0.04827018
2000w11,847.144,6.7418707,-0.06242449
2000w12,870.642,6.7692309,0.02736018
2000w13,887.48,6.788386,0.01915512
2000w14,829.5825,6.7209226,-0.06746342
2000w15,840.78,6.73433,0.01340747
2000w16,747.702,6.6170045,-0.11732553
2000w17,723.094,6.5835392,-0.03346528
2000w18,752.21333,6.62302,0.03948074
2000w19,757.725,6.6303205,0.00730055
2000w20,729.25,6.5920166,-0.03830391
2000w21,680.502,6.5228308,-0.06918585
2000w22,715.65,6.5731912,0.05036046
2000w23,813.315,6.7011185,0.12792727
2000w24,799.904,6.6844917,-0.01662677
2000w25,776.75,6.6551185,-0.02937317
2000w26,812.054,6.6995668,0.04444829
2000w27,832.702,6.7246758,0.02510899
2000w28,840.358,6.733828,0.00915216
2000w29,792.8975,6.675694,-0.05813403
2000w30,727.94,6.5902186,-0.08547533
2000w31,718.696,6.5774385,-0.01278017
2000w32,700.678,6.5520484,-0.02539002
2000w33,739.05,6.6053656,0.05331714
2000w34,725.928,6.5874508,-0.01791474
2000w35,712.622,6.5689511,-0.01849971
2000w36,669.456,6.5064654,-0.06248568
2000w37,639.17,6.4601705,-0.04629498
2000w38,580.81,6.3644237,-0.09574678
2000w39,598.122,6.3937947,0.02937107
2000w40,600.82,6.3982954,0.00450064
2000w41,558.802,6.3257952,-0.07250018
2000w42,527.626,6.2683877,-0.05740751
2000w43,530.952,6.2746716,0.00628392
2000w44,537.296,6.2865492,0.01187753
2000w45,558.788,6.3257702,0.039221
2000w46,551.142,6.3119925,-0.01377766
2000w47,527.266,6.2677052,-0.04428732
2000w48,526.222,6.2657232,-0.00198199
2000w49,519.034,6.2519694,-0.01375379
2000w50,547.42,6.3052163,0.05324694
2000w51,519.356,6.2525896,-0.05262675
2000w52,504.62,6.2238057,-0.02878391
2001w1,545.3125,6.301359,0.07755335
2001w2,577.408,6.3585491,0.0571901
2001w3,604.416,6.4042627,0.04571358
2001w4,609.59,6.4127866,0.0085239
2001w5,605.314,6.4057473,-0.00703927
2001w6,585.794,6.3729682,-0.03277914
2001w7,602.072,6.400377,0.02740885
2001w8,593.374,6.3858249,-0.01455215
2001w9,575.1075,6.354557,-0.03126791
2001w10,569.442,6.3446569,-0.00990005
2001w11,539.36,6.2903833,-0.05427368
2001w12,532.706,6.2779697,-0.01241357
2001w13,530.938,6.2746453,-0.00332442
2001w14,504.5925,6.2237512,-0.05089408
2001w15,505.302,6.2251563,0.0014051
2001w16,536.384,6.2848503,0.05969405
2001w17,560.234,6.3283546,0.04350423
2001w18,582.765,6.367784,0.03942946
2001w19,586.138,6.3735553,0.00577124
2001w20,586.942,6.374926,0.00137075
2001w21,621.188,6.4316338,0.05670777
2001w22,619.634,6.429129,-0.00250479
2001w23,607.8725,6.4099652,-0.01916383
2001w24,612.428,6.4174314,0.00746623
2001w25,601.604,6.3995994,-0.01783196
2001w26,589.978,6.3800852,-0.01951417
2001w27,592.09,6.3836587,0.0035734
2001w28,556.138,6.3210165,-0.06264219
2001w29,543.2275,6.2975282,-0.02348826
2001w30,529.452,6.2718425,-0.02568569
2001w31,554.804,6.3186149,0.04677239
2001w32,561.564,6.3307257,0.01211085
2001w33,575.2725,6.3548438,0.02411809
2001w34,570.004,6.3456434,-0.00920046
2001w35,566.07,6.3387177,-0.00692563
2001w36,552.04,6.3136205,-0.02509724
2001w37,509.688,6.2337988,-0.07982173
2001w38,478.604,6.1708735,-0.06292524
2001w39,475.846,6.1650943,-0.00577926
2001w40,501.28,6.2171648,0.05207055
2001w41,508.13,6.2307373,0.01357249
2001w42,523.288,6.260132,0.02939466
2001w43,537.258,6.2864784,0.02634644
2001w44,542.842,6.2968183,0.01033988
2001w45,567.782,6.3417375,0.04491924
2001w46,599.462,6.3960326,0.05429504
2001w47,625.59,6.4386952,0.04266262
2001w48,649.886,6.476797,0.03810176
2001w49,675.996,6.5161872,0.0393902
2001w50,672.414,6.5108742,-0.00531294
2001w51,649.662,6.4764522,-0.03442199
2001w52,665.6525,6.5007678,0.02431553
2002w1,737.9525,6.6038795,0.1031117
2002w2,737.198,6.6028565,-0.00102295
2002w3,713.782,6.5705776,-0.03227892
2002w4,755.922,6.6279382,0.0573606
2002w5,748.836,6.61852,-0.0094182
2002w6,737.2075,6.6028694,-0.0156506
2002w7,790.04667,6.672092,0.06922262
2002w8,786.052,6.6670229,-0.00506907
2002w9,819.3625,6.7085266,0.04150365
2002w10,833.348,6.7254513,0.01692472
2002w11,856.418,6.7527586,0.02730725
2002w12,887.698,6.7886316,0.03587302
2002w13,889.514,6.7906752,0.00204365
2002w14,910.6575,6.8141669,0.02349162
2002w15,875.506,6.774802,-0.03936486
2002w16,922.848,6.8274645,0.05266254
2002w17,884.426,6.7849388,-0.04252569
2002w18,846.4475,6.7410482,-0.04389067
2002w19,829.9,6.7213052,-0.01974297
2002w20,859.768,6.7566626,0.03535737
2002w21,848.254,6.7431801,-0.01348247
2002w22,820.186,6.7095311,-0.03364898
2002w23,805.745,6.6917673,-0.01776383
2002w24,817.39,6.7061163,0.01434902
2002w25,781.806,6.6616066,-0.04450971
2002w26,727.735,6.589937,-0.07166966
2002w27,767.902,6.6436621,0.05372515
2002w28,787.606,6.668998,0.02533584
2002w29,755.205,6.6269892,-0.04200873
2002w30,717.328,6.5755332,-0.05145604
2002w31,705.262,6.5585694,-0.01696383
2002w32,685.096,6.529559,-0.02901039
2002w33,713.935,6.5707919,0.04123295
2002w34,740.574,6.6074256,0.03663364
2002w35,732.308,6.5962012,-0.01122437
2002w36,718.248,6.5768149,-0.01938628
2002w37,719.956,6.5791901,0.00237519
2002w38,703.555,6.5561461,-0.02304405
2002w39,660.558,6.4930849,-0.06306112
2002w40,644.6375,6.4686881,-0.02439679
2002w41,608.12,6.4103722,-0.05831591
2002w42,646.788,6.4720186,0.06164634
2002w43,657.14,6.4878971,0.01587851
2002w44,662.092,6.4954045,0.00750743
2002w45,672.272,6.510663,0.0152585
2002w46,660.102,6.4923944,-0.01826865
2002w47,688.51,6.5345298,0.04213547
2002w48,715.968,6.5736355,0.03910563
2002w49,720.206,6.5795373,0.00590181
2002w50,703.396,6.55592,-0.02361725
2002w51,703.6325,6.5562562,0.00033617
2002w52,658.545,6.4900329,-0.06622335
2003w1,653.795,6.4827938,-0.00723901
2003w2,641.718,6.464149,-0.01864489
2003w3,640.16,6.4617181,-0.00243081
2003w4,610.15,6.4137048,-0.04801332
2003w5,594.85,6.3883093,-0.02539556
2003w6,584.178,6.3702057,-0.01810354
2003w7,587.904,6.3765637,0.00635794
2003w8,603.696,6.4030708,0.02650709
2003w9,582.954,6.3681083,-0.03496248
2003w10,547.676,6.3056839,-0.06242441
2003w11,530.758,6.2743062,-0.0313777
2003w12,562.168,6.3318007,0.05749456
2003w13,546.928,6.3043172,-0.02748357
2003w14,563.878,6.3348379,0.03052075
2003w15,585.912,6.3731696,0.03833169
2003w16,616.596,6.424214,0.05104442
2003w17,583.89,6.3697126,-0.05450142
2003w18,600.37333,6.3975517,0.02783908
2003w19,620.575,6.4306465,0.03309478
2003w20,607.714,6.4097044,-0.02094209
2003w21,607.882,6.4099808,0.00027641
2003w22,635.972,6.4551545,0.04517375
2003w23,645.6875,6.4703156,0.0151611
2003w24,661.392,6.4943467,0.02403106
2003w25,678.212,6.5194599,0.02511322
2003w26,674.348,6.5137463,-0.00571363
2003w27,695.702,6.5449214,0.03117511
2003w28,708.742,6.5634916,0.01857016
2003w29,702.2575,6.5543001,-0.00919142
2003w30,708.78,6.5635452,0.00924504
2003w31,719.062,6.5779476,0.0144024
2003w32,705.542,6.5589663,-0.01898128
2003w33,727.58,6.589724,0.03075766
2003w34,751.198,6.6216693,0.03194531
2003w35,760.374,6.6338104,0.01214115
2003w36,763.946,6.6384971,0.00468669
2003w37,758.62,6.631501,-0.00699611
2003w38,741.35,6.6084728,-0.02302814
2003w39,705.84,6.5593886,-0.04908427
2003w40,717.4375,6.5756858,0.01629725
2003w41,748.07,6.6174966,0.04181072
2003w42,773.056,6.6503515,0.03285493
2003w43,763.712,6.6381908,-0.01216074
2003w44,787.196,6.6684773,0.03028651
2003w45,796.786,6.6805861,0.01210887
2003w46,802.95,6.6882924,0.00770631
2003w47,766.738,6.6421452,-0.04614729
2003w48,795.136,6.6785132,0.03636802
2003w49,795.006,6.6783497,-0.00016351
2003w50,804.96,6.6907926,0.01244292
2003w51,805.042,6.6908944,0.00010186
2003w52,796.1375,6.6797719,-0.01112254
2004w1,823.965,6.7141281,0.03435614
2004w2,843.652,6.7377401,0.02361203
2004w3,852.945,6.7486951,0.01095498
2004w4,863.88667,6.7614416,0.01274652
2004w5,846.446,6.7410464,-0.02039518
2004w6,859.812,6.7567138,0.01566735
2004w7,880.662,6.7806739,0.02396014
2004w8,873.624,6.7726501,-0.00802382
2004w9,885.825,6.7865194,0.01386934
2004w10,896.102,6.7980542,0.01153483
2004w11,858.7,6.7554196,-0.04263463
2004w12,869.546,6.7679712,0.01255162
2004w13,869.192,6.767564,-0.00040719
2004w14,895.64,6.7975385,0.0299745
2004w15,915.02,6.8189459,0.02140738
2004w16,912.4575,6.8161415,-0.00280441
2004w17,919.422,6.8237452,0.0076037
2004w18,867.96,6.7661456,-0.05759958
2004w19,815.042,6.7032396,-0.06290598
2004w20,761.502,6.6352928,-0.06794685
2004w21,784.4625,6.6649988,0.02970597
2004w22,808.594,6.6952969,0.03029817
2004w23,792.818,6.6755937,-0.01970325
2004w24,755.412,6.6272633,-0.04833039
2004w25,747.306,6.6164747,-0.01078856
2004w26,775.524,6.6535389,0.03706419
2004w27,762.104,6.636083,-0.0174559
2004w28,744.978,6.6133547,-0.02272834
2004w29,742.57,6.6101171,-0.00323755
2004w30,739.856,6.6064556,-0.00366157
2004w31,728.278,6.5906828,-0.01577273
2004w32,744.222,6.6123394,0.02165653
2004w33,772.158,6.6491892,0.03684981
2004w34,792.026,6.6745942,0.02540503
2004w35,809.326,6.6962018,0.02160758
2004w36,820.676,6.7101284,0.01392659
2004w37,842.436,6.7362977,0.0261693
2004w38,850.522,6.7458503,0.00955258
2004w39,830.89,6.7224974,-0.02335286
2004w40,866.846,6.7648613,0.04236392
2004w41,872.418,6.7712687,0.00640733
2004w42,844.244,6.7384416,-0.03282711
2004w43,816.11,6.7045491,-0.0338924
2004w44,842.352,6.736198,0.03164883
2004w45,852.536,6.7482154,0.01201746
2004w46,876.458,6.7758888,0.02767335
2004w47,865.164,6.7629191,-0.0129697
2004w48,870.174,6.7686932,0.00577411
2004w49,874.042,6.7731284,0.00443524
2004w50,853.72,6.7496033,-0.02352516
2004w51,879.868,6.7797719,0.03016863
2004w52,882.06667,6.7822676,0.00249574
2005w1,881.584,6.7817203,-0.00054735
2005w2,885.828,6.7865228,0.00480251
2005w3,917.78,6.8219577,0.03543491
2005w4,922.334,6.8269074,0.0049497
2005w5,928.034,6.8330684,0.00616096
2005w6,948.21,6.854576,0.02150763
2005w7,972.378,6.8797446,0.02516862
2005w8,983.798,6.8914206,0.01167597
2005w9,1010.68,6.9183787,0.02695806
2005w10,1007.604,6.9153305,-0.00304814
2005w11,993.144,6.9008757,-0.01445485
2005w12,969.624,6.8769084,-0.0239673
2005w13,967.938,6.875168,-0.00174033
2005w14,987.8925,6.8955739,0.02040585
2005w15,970.036,6.8773332,-0.0182407
2005w16,934.948,6.8404909,-0.03684227
2005w17,929.964,6.8351459,-0.00534504
2005w18,925.61,6.830453,-0.0046929
2005w19,927.452,6.832441,0.00198806
2005w20,938.168,6.843929,0.011488
2005w21,949.756,6.8562051,0.01227607
2005w22,971.146,6.8784768,0.02227171
2005w23,981.3675,6.888947,0.01047019
2005w24,996.6,6.9043495,0.01540248
2005w25,1000.004,6.9077593,0.00340979
2005w26,1002.222,6.9099748,0.00221554
2005w27,1021.66,6.929184,0.01920922
2005w28,1051.2,6.9576876,0.02850361
2005w29,1072.236,6.9775015,0.01981382
2005w30,1097.868,7.0011254,0.02362393
2005w31,1110.534,7.0125963,0.01147086
2005w32,1109.052,7.0112609,-0.00133538
2005w33,1103.1925,7.0059635,-0.00529735
2005w34,1102.114,7.0049854,-0.0009781
2005w35,1088.26,6.9923354,-0.01265006
2005w36,1135.58,7.0348988,0.04256344
2005w37,1166.194,7.0615007,0.02660192
2005w38,1190.8625,7.0824331,0.02093238
2005w39,1219.368,7.106088,0.02365486
2005w40,1218.42,7.1053102,-0.00077775
2005w41,1214.424,7.1020252,-0.00328505
2005w42,1172.284,7.0667093,-0.03531591
2005w43,1170.392,7.065094,-0.00161525
2005w44,1199.078,7.0893082,0.02421419
2005w45,1232.664,7.116933,0.02762475
2005w46,1264.05,7.1420761,0.02514317
2005w47,1276.05,7.1515246,0.00944852
2005w48,1297.332,7.1680651,0.01654048
2005w49,1320.516,7.1857778,0.01771272
2005w50,1332.54,7.1948422,0.00906433
2005w51,1348.992,7.2071129,0.01227075
2005w52,1372.1625,7.2241432,0.01703032
2006w1,1398.908,7.2434472,0.01930397
2006w2,1403.514,7.2467344,0.00328716
2006w3,1369.94,7.2225222,-0.02421215
2006w4,1340.832,7.2010456,-0.02147663
2006w5,1370.935,7.2232483,0.02220267
2006w6,1328.36,7.1917004,-0.03154789
2006w7,1319.978,7.1853703,-0.00633003
2006w8,1352.474,7.2096908,0.02432044
2006w9,1360.78,7.2158133,0.00612256
2006w10,1321.352,7.1864107,-0.02940261
2006w11,1335.132,7.1967854,0.01037471
2006w12,1325.332,7.1894183,-0.00736717
2006w13,1338.422,7.1992466,0.00982831
2006w14,1390.704,7.2375654,0.03831879
2006w15,1401.28,7.2451414,0.00757601
2006w16,1434.586,7.2686316,0.0234902
2006w17,1437.114,7.2703922,0.00176063
2006w18,1437.03,7.2703338,-0.00005845
2006w19,1452.732,7.2812012,0.01086744
2006w20,1387,7.2348984,-0.04630278
2006w21,1324.004,7.1884158,-0.04648266
2006w22,1312.7625,7.179889,-0.00852678
2006w23,1256.81,7.136332,-0.04355693
2006w24,1229.404,7.1142848,-0.02204727
2006w25,1234.428,7.118363,0.00407821
2006w26,1256.494,7.1360806,0.0177176
2006w27,1279.654,7.154345,0.01826443
2006w28,1287.314,7.1603132,0.00596815
2006w29,1252.925,7.1332361,-0.02707706
2006w30,1283.108,7.1570405,0.02380444
2006w31,1295.37,7.1665516,0.00951111
2006w32,1302.396,7.1719609,0.00540928
2006w33,1317.4,7.1834154,0.01145445
2006w34,1325.332,7.1894183,0.0060029
2006w35,1344.652,7.2038905,0.01447225
2006w36,1356.674,7.2127914,0.00890087
2006w37,1343.02,7.2026761,-0.01011531
2006w38,1365.972,7.2196215,0.01694545
2006w39,1360.41,7.2155414,-0.00408014
2006w40,1363.11,7.2175241,0.00198273
2006w41,1330.728,7.1934814,-0.02404269
2006w42,1356.116,7.21238,0.01889857
2006w43,1369.124,7.2219264,0.00954639
2006w44,1372.524,7.2244067,0.00248026
2006w45,1388.374,7.2358886,0.0114819
2006w46,1407.914,7.2498645,0.0139759
2006w47,1414.322,7.2544055,0.00454109
2006w48,1425.144,7.2620281,0.0076226
2006w49,1412.302,7.2529763,-0.00905186
2006w50,1398.248,7.2429753,-0.01000097
2006w51,1435.446,7.2692309,0.02625558
2006w52,1431.16,7.2662406,-0.0029903
2007w1,1406.915,7.2491546,-0.01708594
2007w2,1370.924,7.2232402,-0.0259144
2007w3,1380.784,7.2304067,0.00716649
2007w4,1372.65,7.2244985,-0.00590828
2007w5,1378.018,7.2284015,0.00390306
2007w6,1424.816,7.261798,0.03339645
2007w7,1432.254,7.2670047,0.00520674
2007w8,1459.9075,7.2861284,0.01912365
2007w9,1439.11,7.2717801,-0.01434821
2007w10,1407.5,7.2495704,-0.02220979
2007w11,1427.912,7.2639685,0.01439816
2007w12,1445.264,7.2760473,0.01207877
2007w13,1449.248,7.2788001,0.0027528
2007w14,1474.576,7.2961258,0.01732569
2007w15,1512.006,7.3211925,0.02506676
2007w16,1528.404,7.3319793,0.01078681
2007w17,1548.452,7.345011,0.01303167
2007w18,1555.785,7.3497355,0.00472452
2007w19,1592.754,7.3732199,0.02348435
2007w20,1604.714,7.3807008,0.00748095
2007w21,1640.5575,7.4027914,0.02209058
2007w22,1679.916,7.4264991,0.02370767
2007w23,1740.025,7.4616548,0.03515569
2007w24,1741.974,7.4627742,0.00111947
2007w25,1792.748,7.4915049,0.02873069
2007w26,1747.146,7.4657389,-0.02576604
2007w27,1824.812,7.5092322,0.04349337
2007w28,1908.152,7.5538905,0.04465827
2007w29,1950.4125,7.5757962,0.02190565
2007w30,1967.258,7.584396,0.00859981
2007w31,1885.26,7.541821,-0.04257495
2007w32,1871.09,7.5342764,-0.00754459
2007w33,1749.3,7.466971,-0.06730544
2007w34,1763.6,7.4751125,0.00814147
2007w35,1834.694,7.514633,0.03952054
2007w36,1879.17,7.5385855,0.02395248
2007w37,1842.958,7.5191272,-0.0194583
2007w38,1888.234,7.5433973,0.02427011
2007w39,1945.88,7.5734696,0.03007232
2007w40,1994.0975,7.5979468,0.02447725
2007w41,2030.672,7.6161221,0.01817521
2007w42,2000.056,7.6009305,-0.01519159
2007w43,1957.992,7.5796747,-0.02125572
2007w44,2052.524,7.6268255,0.0471508
2007w45,2016.644,7.60919,-0.01763551
2007w46,1940.566,7.570735,-0.03845506
2007w47,1828.92,7.5114809,-0.05925405
2007w48,1866.674,7.5319135,0.02043261
2007w49,1929.19,7.5648555,0.03294199
2007w50,1913.978,7.5569391,-0.00791643
2007w51,1855.995,7.5261762,-0.03076286
2007w52,1907.985,7.553803,0.02762677
2008w1,1850.305,7.5231058,-0.03069722
2008w2,1808.726,7.500378,-0.02272776
2008w3,1718.75,7.4493526,-0.05102545
2008w4,1644.008,7.4048924,-0.04446012
2008w5,1635.262,7.3995583,-0.00533413
2008w6,1668.62,7.4197522,0.0201939
2008w7,1672.706,7.422198,0.00244574
2008w8,1701.674,7.4393678,0.0171698
2008w9,1709.908,7.4441948,0.0048271
2008w10,1667.972,7.4193638,-0.02483105
2008w11,1618.126,7.389024,-0.03033983
2008w12,1627.072,7.3945374,0.00551339
2008w13,1687.332,7.4309039,0.0363665
2008w14,1749.624,7.4671562,0.03625232
2008w15,1761.4425,7.4738884,0.00673217
2008w16,1768.356,7.4778056,0.00391723
2008w17,1807.094,7.4994753,0.02166973
2008w18,1828.4167,7.5112057,0.01173035
2008w19,1846.1925,7.5208807,0.00967503
2008w20,1869.302,7.5333204,0.01243969
2008w21,1836.92,7.5158455,-0.01747484
2008w22,1834.328,7.5144335,-0.00141205
2008w23,1823.6175,7.5085774,-0.00585604
2008w24,1760.716,7.4734758,-0.03510162
2008w25,1742.43,7.463036,-0.01043985
2008w26,1701.132,7.4390492,-0.02398678
2008w27,1610.852,7.3845185,-0.05453068
2008w28,1543.282,7.3416666,-0.04285191
2008w29,1523.04,7.3284636,-0.01320298
2008w30,1595.07,7.3746729,0.04620928
2008w31,1571.278,7.3596446,-0.01502832
2008w32,1565.612,7.3560321,-0.0036125
2008w33,1569.935,7.3587895,0.00275742
2008w34,1518.746,7.3256403,-0.03314922
2008w35,1469.398,7.2926081,-0.0330322
2008w36,1428.298,7.2642388,-0.02836927
2008w37,1460.16,7.2863013,0.02206249
2008w38,1424.31,7.2614428,-0.02485853
2008w39,1482.334,7.3013732,0.03993039
2008w40,1416.5325,7.2559673,-0.04540589
2008w41,1295.536,7.1666798,-0.08928747
2008w42,1262.01,7.140461,-0.02621882
2008w43,1053.12,6.9595125,-0.1809485
2008w44,1058.998,6.9650785,0.00556599
2008w45,1142.804,7.0412402,0.07616171
2008w46,1101.522,7.0044481,-0.03679203
2008w47,995.108,6.9028513,-0.10159686
2008w48,1042.254,6.949141,0.04628968
2008w49,1037.118,6.944201,-0.00493996
2008w50,1133.63,7.0331802,0.08897916
2008w51,1173.56,7.0677971,0.03461699
2008w52,1126.548,7.0269134,-0.04088377
2009w1,1188.355,7.0803253,0.05341191
2009w2,1178.76,7.0722183,-0.00810696
2009w3,1125.522,7.0260022,-0.04621611
2009w4,1122.5367,7.0233463,-0.00265592
2009w5,1166.838,7.0620528,0.03870652
2009w6,1195.976,7.0867179,0.02466506
2009w7,1157.626,7.0541266,-0.03259123
2009w8,1080.712,6.9853754,-0.06875127
2009w9,1044.292,6.9510944,-0.03428094
2009w10,1080.93,6.9855771,0.03448264
2009w11,1142.742,7.0411859,0.05560886
2009w12,1196.594,7.0872345,0.04604855
2009w13,1223.678,7.1096164,0.02238189
2009w14,1284.148,7.1578507,0.04823439
2009w15,1333.274,7.1953929,0.03754211
2009w16,1338.988,7.1996694,0.00427653
2009w17,1340.278,7.2006323,0.00096295
2009w18,1386.91,7.2348335,0.0342012
2009w19,1409.28,7.2508342,0.01600068
2009w20,1404.654,7.2475463,-0.00328793
2009w21,1392.072,7.2385486,-0.00899772
2009w22,1406.18,7.2486321,0.01008352
2009w23,1390.574,7.2374719,-0.0111602
2009w24,1410.144,7.2514471,0.01397522
2009w25,1376.628,7.2273923,-0.0240548
2009w26,1395.488,7.2409995,0.01360714
2009w27,1425.136,7.2620225,0.02102307
2009w28,1408.81,7.2505007,-0.01152187
2009w29,1466.772,7.2908193,0.04031869
2009w30,1514.696,7.32297,0.03215069
2009w31,1556.57,7.35024,0.02726992
2009w32,1572.342,7.3603215,0.01008155
2009w33,1559.862,7.3523526,-0.00796887
2009w34,1597.018,7.3758934,0.02354078
2009w35,1607.068,7.3821667,0.00627326
2009w36,1611.692,7.3850398,0.00287316
2009w37,1653.604,7.4107124,0.02567259
2009w38,1704.206,7.4408546,0.03014216
2009w39,1684.82,7.429414,-0.01144058
2009w40,1611.9925,7.3852263,-0.04418774
2009w41,1636.016,7.4000193,0.01479303
2009w42,1652.286,7.4099151,0.00989577
2009w43,1637.37,7.4008466,-0.00906849
2009w44,1571.096,7.3595287,-0.04131783
2009w45,1575.722,7.3624689,0.00294011
2009w46,1585.428,7.3686097,0.00614082
2009w47,1615.698,7.3875223,0.01891266
2009w48,1568.194,7.3576799,-0.02984242
2009w49,1626.872,7.3944144,0.03673451
2009w50,1660.898,7.4151137,0.02069927
2009w51,1651.2,7.4092576,-0.00585612
2009w52,1680.795,7.4270222,0.0177646
2010w1,1693.8825,7.4347785,0.00775634
2010w2,1689.04,7.4319156,-0.00286291
2010w3,1712.038,7.4454398,0.01352415
2010w4,1651.96,7.4097177,-0.03572201
2010w5,1607.224,7.3822637,-0.02745399
2010w6,1571.666,7.3598915,-0.02237226
2010w7,1610.8325,7.3845064,0.02461492
2010w8,1610.048,7.3840193,-0.00048713
2010w9,1612.585,7.3855938,0.00157449
2010w10,1654.86,7.4114717,0.02587793
2010w11,1663.656,7.4167729,0.00530118
2010w12,1682,7.4277388,0.01096597
2010w13,1700.384,7.4386094,0.01087055
2010w14,1726.99,7.4541353,0.0155259
2010w15,1724.92,7.452936,-0.00119934
2010w16,1728.984,7.4552892,0.00235328
2010w17,1740.222,7.461768,0.00647874
2010w18,1716.5575,7.4480761,-0.01369186
2010w19,1670.596,7.4209357,-0.02714038
2010w20,1644.128,7.4049654,-0.0159703
2010w21,1588.845,7.3707626,-0.03420282
2010w22,1639.0675,7.4018828,0.03112015
2010w23,1650.5,7.4088336,0.00695079
2010w24,1693.844,7.4347558,0.02592223
2010w25,1729.76,7.4557379,0.02098217
2010w26,1710.832,7.4447351,-0.01100287
2010w27,1681.284,7.4273131,-0.01742201
2010w28,1740.288,7.4618059,0.03449283
2010w29,1738.296,7.4606606,-0.00114529
2010w30,1767.958,7.4775805,0.01691989
2010w31,1781.064,7.4849662,0.00738573
2010w32,1767.014,7.4770464,-0.00791982
2010w33,1757.242,7.4715008,-0.00554558
2010w34,1753.666,7.4694637,-0.00203708
2010w35,1754.572,7.4699802,0.0005165
2010w36,1784.752,7.4870347,0.01705452
2010w37,1814.484,7.5035564,0.01652166
2010w38,1829.99,7.5120658,0.00850937
2010w39,1860.532,7.5286177,0.01655197
2010w40,1887.952,7.5432479,0.01463018
2010w41,1886.186,7.5423121,-0.00093584
2010w42,1876.032,7.5369142,-0.00539789
2010w43,1909.968,7.5548418,0.01792758
2010w44,1918.84,7.5594761,0.00463435
2010w45,1942.282,7.5716188,0.01214273
2010w46,1910.206,7.5549664,-0.01665248
2010w47,1933.58,7.5671285,0.01216212
2010w48,1916.31,7.5581567,-0.00897175
2010w49,1963.62,7.582545,0.02438825
2010w50,2003.7,7.6027508,0.02020576
2010w51,2031.862,7.6167079,0.01395714
2010w52,2035.92,7.6187031,0.00199519
2011w1,2080.316,7.6402751,0.021572
2011w2,2092.346,7.6460412,0.00576612
2011w3,2097.72,7.6486063,0.00256512
2011w4,2100.434,7.6498993,0.00129295
2011w5,2070.88,7.6357289,-0.01417035
2011w6,2036.542,7.6190086,-0.01672037
2011w7,2000.916,7.6013604,-0.0176482
2011w8,1970.032,7.5858051,-0.01555529
2011w9,1960.72,7.581067,-0.00473803
2011w10,1983.036,7.5923843,0.01131725
2011w11,1958.656,7.5800138,-0.01237048
2011w12,2024.016,7.6128389,0.03282513
2011w13,2089.522,7.6446906,0.03185168
2011w14,2124.624,7.6613501,0.01665951
2011w15,2123.054,7.6606109,-0.00073923
2011w16,2165.334,7.6803299,0.019719
2011w17,2205.942,7.6989099,0.01858001
2011w18,2189.445,7.6914034,-0.00750654
2011w19,2137.1325,7.6672203,-0.02418311
2011w20,2109.876,7.6543845,-0.0128358
2011w21,2069.098,7.634868,-0.01951641
2011w22,2121.054,7.6596684,0.02480037
2011w23,2075.2875,7.637855,-0.02181344
2011w24,2058.132,7.6295541,-0.00830092
2011w25,2055.678,7.628361,-0.00119305
2011w26,2090.81,7.6453068,0.01694583
2011w27,2167.836,7.6814847,0.03617788
2011w28,2134.36,7.6659221,-0.0155626
2011w29,2146.382,7.6715389,0.0056168
2011w30,2156.51,7.6762465,0.00470754
2011w31,2064.412,7.6326007,-0.04364573
2011w32,1817.558,7.5052491,-0.1273516
2011w33,1844.5,7.5199635,0.0147144
2011w34,1757.138,7.4714416,-0.04852189
2011w35,1860.376,7.5285339,0.05709227
2011w36,1809.114,7.5005925,-0.0279414
2011w37,1787.78,7.4887299,-0.0118626
2011w38,1802.236,7.4967834,0.00805349
2011w39,1730.09,7.4559287,-0.04085469
2011w40,1710.7,7.4446579,-0.01127079
2011w41,1805.892,7.4988099,0.05415201
2011w42,1840.694,7.517898,0.01908802
2011w43,1906.56,7.5530559,0.0351579
2011w44,1903.008,7.5511911,-0.00186478
2011w45,1881.294,7.5397151,-0.01147595
2011w46,1872.168,7.5348524,-0.00486272
2011w47,1800.174,7.4956386,-0.03921379
2011w48,1870.306,7.5338573,0.03821873
2011w49,1906.456,7.5530013,0.01914397
2011w50,1856.128,7.5262479,-0.02675342
2011w51,1826.622,7.5102236,-0.01602424
2011w52,1837.395,7.5161041,0.00588045
2012w1,1854.976,7.525627,0.00952295
2012w2,1853.102,7.5246163,-0.00101077
2012w3,1901.852,7.5505834,0.02596716
2012w4,1958.08,7.5797197,0.02913625
2012w5,1962.444,7.5819459,0.00222623
2012w6,1993.356,7.5975749,0.01562902
2012w7,2010.924,7.6063496,0.00877467
2012w8,2021.096,7.6113952,0.00504562
2012w9,2014.9325,7.608341,-0.00305424
2012w10,2003.526,7.6026639,-0.00567707
2012w11,2030.164,7.6158719,0.01320795
2012w12,2033.866,7.6176937,0.00182184
2012w13,2023.828,7.612746,-0.00494765
2012w14,2030.996,7.6162816,0.00353555
2012w15,1996.7575,7.5992799,-0.0170017
2012w16,1991.394,7.5965902,-0.00268972
2012w17,1967.484,7.5845108,-0.01207933
2012w18,1991.33,7.596558,0.01204719
2012w19,1947.16,7.5741272,-0.02243086
2012w20,1856.184,7.526278,-0.04784913
2012w21,1815.016,7.5038496,-0.02242848
2012w22,1843.1875,7.5192517,0.01540213
2012w23,1817.1425,7.5050205,-0.0142312
2012w24,1862.148,7.5294859,0.02446545
2012w25,1884.828,7.5415918,0.01210591
2012w26,1826.806,7.5103244,-0.03126748
2012w27,1865.522,7.5312962,0.02097182
2012w28,1818.05,7.5055198,-0.02577641
2012w29,1816.11,7.5044521,-0.00106765
2012w30,1792.862,7.4915685,-0.01288363
2012w31,1864.758,7.5308866,0.03931806
2012w32,1912.58,7.5562084,0.02532183
2012w33,1948.4625,7.5747959,0.01858748
2012w34,1937.414,7.5691094,-0.00568651
2012w35,1914.848,7.5573935,-0.01171585
2012w36,1900.938,7.5501027,-0.0072908
2012w37,1950.6,7.5758923,0.02578957
2012w38,2001.578,7.6016911,0.02579885
2012w39,1992.04,7.5969145,-0.00477663
2012w40,1994.6267,7.5982122,0.00129766
2012w41,1955.1,7.5781966,-0.02001556
2012w42,1945.048,7.5730419,-0.00515469
2012w43,1919.658,7.5599023,-0.01313961
2012w44,1904.064,7.5517458,-0.0081565
2012w45,1918.552,7.559326,0.00758019
2012w46,1883.232,7.5407447,-0.01858129
2012w47,1892.63,7.5457227,0.00497795
2012w48,1922.848,7.5615627,0.01584002
2012w49,1945.862,7.5734603,0.01189765
2012w50,1979.058,7.5903763,0.01691591
2012w51,1989.02,7.5953973,0.00502108
2012w52,1987.1175,7.5944404,-0.00095696
2013w1,2018.425,7.6100728,0.01563241
2013w2,2000.052,7.6009285,-0.00914432
2013w3,1982.034,7.5918789,-0.00904959
2013w4,1965.562,7.5835335,-0.00834538
2013w5,1958.666,7.5800189,-0.00351458
2013w6,1939.26,7.5700617,-0.00995717
2013w7,1972.912,7.5872659,0.01720417
2013w8,2010.82,7.6062979,0.01903198
2013w9,2010.9225,7.6063489,0.00005097
2013w10,2010.222,7.6060004,-0.00034841
2013w11,1989.976,7.5958779,-0.01012259
2013w12,1963.034,7.5822465,-0.01363134
2013w13,1994.308,7.5980524,0.01580589
2013w14,1954.948,7.5781189,-0.01993353
2013w15,1930.16,7.5653582,-0.01276069
2013w16,1915.834,7.5579083,-0.00744986
2013w17,1938.16,7.5694943,0.01158603
2013w18,1962.0875,7.5817642,0.01226989
2013w19,1956.74,7.5790351,-0.00272913
2013w20,1977.3325,7.589504,0.01046889
2013w21,1979.506,7.5906026,0.0010986
2013w22,1995.628,7.5987141,0.00811147
2013w23,1951.3125,7.5762575,-0.02245656
2013w24,1897.132,7.5480986,-0.02815895
2013w25,1852.252,7.5241575,-0.02394108
2013w26,1823.566,7.5085492,-0.01560827
2013w27,1833.796,7.5141434,0.00559421
2013w28,1855.45,7.5258825,0.01173912
2013w29,1876.218,7.5370133,0.01113079
2013w30,1907.308,7.5534481,0.01643478
2013w31,1918.284,7.5591863,0.00573821
2013w32,1886.892,7.5426863,-0.01650001
2013w33,1918.6725,7.5593888,0.01670251
2013w34,1872.49,7.5350244,-0.02436444
2013w35,1905.814,7.5526645,0.01764012
2013w36,1949.68,7.5754205,0.02275604
2013w37,2001.932,7.601868,0.02644746
2013w38,2007.495,7.604643,0.00277496
2013w39,2004.248,7.6030242,-0.00161875
2013w40,1997.435,7.5996191,-0.00340507
2013w41,2012.3325,7.6070498,0.00743064
2013w42,2044.318,7.6228195,0.01576974
2013w43,2044.218,7.6227706,-0.00004892
2013w44,2041.204,7.6212951,-0.00147549
2013w45,1998.762,7.6002833,-0.02101184
2013w46,1988.61,7.5951912,-0.00509209
2013w47,2012.974,7.6073685,0.01217733
2013w48,2034.574,7.6180417,0.01067323
2013w49,1992.344,7.5970671,-0.02097463
2013w50,1972.682,7.5871493,-0.0099178
2013w51,1979.252,7.5904743,0.00332496
2013w52,2003.6275,7.6027146,0.01224029
2014w1,1956.5125,7.5789188,-0.02379574
2014w2,1947.72,7.5744147,-0.00450409
2014w3,1954.55,7.5779153,0.00350053
2014w4,1937.168,7.5689824,-0.00893288
2014w5,1915.9867,7.557988,-0.01099439
2014w6,1915.414,7.5576891,-0.00029893
2014w7,1939.27,7.5700669,0.01237783
2014w8,1949.048,7.5750963,0.00502943
2014w9,1969.598,7.5855847,0.01048841
2014w10,1967.966,7.5847558,-0.00082894
2014w11,1930.912,7.5657477,-0.01900809
2014w12,1935.788,7.5682698,0.00252205
2014w13,1980.174,7.59094,0.02267024
2014w14,1992.354,7.5970721,0.00613213
2014w15,1998.858,7.6003313,0.00325916
2014w16,1998.396,7.6001001,-0.00023116
2014w17,1980.88,7.5912965,-0.00880367
2014w18,1960.615,7.5810135,-0.01028299
2014w19,1958.98,7.5801792,-0.00083427
2014w20,2012.174,7.606971,0.0267918
2014w21,2009.814,7.6057975,-0.00117355
2014w22,2006.968,7.6043804,-0.00141705
2014w23,1999.1067,7.6004557,-0.00392471
2014w24,2002.462,7.6021327,0.00167701
2014w25,1983.772,7.5927554,-0.00937734
2014w26,1993.308,7.5975508,0.00479549
2014w27,2009.538,7.6056601,0.00810927
2014w28,1999.736,7.6007705,-0.00488967
2014w29,2020.246,7.6109746,0.01020411
2014w30,2039.914,7.6206629,0.00968836
2014w31,2075.702,7.6380547,0.01739176
2014w32,2045.436,7.6233662,-0.01468844
2014w33,2062.4625,7.6316559,0.00828969
2014w34,2060.526,7.6307166,-0.00093937
2014w35,2067.734,7.6342086,0.00349203
2014w36,2052.29,7.6267115,-0.00749708
2014w37,2038.69,7.6200627,-0.0066488
2014w38,2046.47,7.6238716,0.00380891
2014w39,2029.616,7.6156019,-0.00826975
2014w40,1977.25,7.5894623,-0.02613962
2014w41,1940.6575,7.5707821,-0.01868016
2014w42,1918.148,7.5591154,-0.0116667
2014w43,1930.392,7.5654784,0.00636295
2014w44,1954.538,7.5779091,0.01243076
2014w45,1945.802,7.5734295,-0.00447962
2014w46,1956.712,7.5790208,0.00559128
2014w47,1969.7,7.5856365,0.00661573
2014w48,1974.952,7.5882994,0.00266285
2014w49,1978.608,7.5901488,0.00184947
2014w50,1921.67,7.5609499,-0.02919897
2014w51,1921.956,7.5610987,0.00014882
2014w52,1934.555,7.5676326,0.00653391
2015w1,1902.1175,7.550723,-0.01690959
2015w2,1916.22,7.5581098,0.00738676
2015w3,1908.886,7.5542751,-0.00383467
2015w4,1941.314,7.5711203,0.01684524
2015w5,1953.542,7.5773994,0.00627907
2015w6,1947.384,7.5742422,-0.0031572
2015w7,1954.7025,7.5779933,0.00375107
2015w8,1978.3267,7.5900066,0.01201336
2015w9,1995.072,7.5984354,0.00842877
2015w10,1993.948,7.5978719,-0.00056355
2015w11,2000.414,7.6011094,0.00323757
2015w12,2039.18,7.620303,0.01919361
2015w13,2028.376,7.6149908,-0.00531229
2015w14,2045.442,7.6233692,0.00837843
2015w15,2095.446,7.6475217,0.02415252
2015w16,2143.758,7.6703156,0.02279395
2015w17,2156.21,7.6761073,0.00579169
2015w18,2121.3267,7.659797,-0.01631037
2015w19,2096.966,7.6482468,-0.01155014
2015w20,2120.188,7.65926,0.01101323
2015w21,2129.9775,7.6638667,0.00460665
2015w22,2093.972,7.646818,-0.01704868
2015w23,2064.3,7.6325465,-0.01427155
2015w24,2042.936,7.6221433,-0.0104032
2015w25,2062.146,7.6315025,0.0093592
2015w26,2081.58,7.6408825,0.00938003
2015w27,2064.434,7.6326114,-0.00827112
2015w28,2050.528,7.6258526,-0.00675878
2015w29,2077.268,7.6388088,0.01295625
2015w30,2045.312,7.6233056,-0.01550322
2015w31,2023.086,7.6123793,-0.01092628
2015w32,1997.762,7.5997828,-0.01259651
2015w33,1961.905,7.5816712,-0.01811161
2015w34,1872.23,7.5348855,-0.04678571
2015w35,1923.322,7.5618092,0.02692367
2015w36,1899.534,7.5493639,-0.01244531
2015w37,1949.59,7.5753744,0.0260105
2015w38,1972.764,7.5871909,0.01181651
2015w39,1950.92,7.5760563,-0.01113455
2015w40,1984.748,7.5932472,0.0171909
2015w41,2017.44,7.6095847,0.01633743
2015w42,2035.228,7.6183631,0.00877847
2015w43,2039.728,7.6205717,0.00220861
2015w44,2040.008,7.620709,0.00013726
2015w45,2022.008,7.6118464,-0.00886265
2015w46,1967.226,7.5843797,-0.02746665
2015w47,2001.636,7.6017201,0.01734042
2015w48,2016.972,7.6093527,0.00763253
2015w49,1965.884,7.5836973,-0.02565536
2015w50,1946.176,7.5736217,-0.0100756
2015w51,1985.25,7.5935001,0.01987843
2015w52,1970.5825,7.5860845,-0.00741567
2016w1,1919.7625,7.5599568,-0.0261277
2016w2,1903.922,7.5516712,-0.00828551
2016w3,1866.588,7.5318674,-0.0198038
2016w4,1889.872,7.5442644,0.01239694
2016w5,1910.082,7.5549015,0.01063707
2016w6,1889.665,7.5441548,-0.01074661
2016w7,1875.712,7.5367436,-0.00741124
2016w8,1915.584,7.5577778,0.02103422
2016w9,1935.6025,7.5681739,0.01039611
2016w10,1956.38,7.5788511,0.01067718
2016w11,1975.308,7.5884796,0.00962851
2016w12,1991.956,7.5968723,0.00839274
2016w13,1991.85,7.5968191,-0.00005322
2016w14,1972.098,7.5868532,-0.0099659
2016w15,1984.9175,7.5933326,0.0064794
2016w16,2012.62,7.6071926,0.01386
2016w17,2013.2,7.6074808,0.00028814
2016w18,1983.855,7.5927972,-0.01468357
2016w19,1976.975,7.5893232,-0.00347402
2016w20,1961.294,7.5813597,-0.00796344
2016w21,1951.634,7.5764222,-0.00493749
2016w22,1977.506,7.5895917,0.01316948
2016w23,2012.18,7.606974,0.01738226
2016w24,1977.908,7.589795,-0.01717899
2016w25,1979.302,7.5904995,0.00070454
2016w26,1943.004,7.5719905,-0.01850903
2016w27,1979.934,7.5908188,0.01882828
2016w28,1991.438,7.5966123,0.00579348
2016w29,2016.588,7.6091623,0.01254998
2016w30,2019.23,7.6104715,0.00130928
2016w31,2011.93,7.6068497,-0.00362179
2016w32,2037.256,7.6193591,0.01250934
2016w33,2049.3625,7.625284,0.00592496
2016w34,2047.002,7.6241316,-0.00115249
2016w35,2035.392,7.6184437,-0.00568785
2016w36,2058.106,7.6295414,0.01109771
2016w37,2009.57,7.605676,-0.02386537
2016w38,2031.795,7.6166749,0.01099887
2016w39,2057.156,7.6290797,0.01240481
2016w40,2054.1975,7.6276405,-0.00143919
2016w41,2038.344,7.619893,-0.00774755
2016w42,2034.448,7.6179798,-0.00191318
2016w43,2031.184,7.6163742,-0.00160565
2016w44,1999.548,7.6006764,-0.01569772
2016w45,1988.792,7.5952827,-0.00539374
2016w46,1977.312,7.5894936,-0.00578907
2016w47,1976.662,7.5891648,-0.00032878
2016w48,1979.642,7.5906713,0.00150646
2016w49,1989.358,7.5955673,0.00489595
2016w50,2032.286,7.6169165,0.02134929
2016w51,2039.252,7.6203384,0.00342181
2016w52,2033.354,7.6174419,-0.00289643
2017w1,2041.368,7.6213755,0.00393352
2017w2,2066.6,7.63366,0.01228457
2017w3,2068.996,7.6348187,0.00115872
2017w4,2070.57,7.6355792,0.00076047
2017w5,2073.055,7.6367786,0.00119943
2017w6,2071.782,7.6361644,-0.00061426
2017w7,2079.9,7.6400751,0.00391071
2017w8,2099.136,7.6492811,0.00920602
2017w9,2089.64,7.6447471,-0.00453403
2017w10,2091.846,7.6458022,0.00105513
2017w11,2139.806,7.6684704,0.02266824
2017w12,2169.072,7.6820547,0.01358426
2017w13,2162.164,7.6788649,-0.00318985
2017w14,2158.788,7.6773022,-0.00156262
2017w15,2133.914,7.6657131,-0.0115891
2017w16,2149.362,7.6729263,0.0072132
2017w17,2198.666,7.6956061,0.02267976
2017w18,2230.455,7.7099609,0.01435479
2017w19,2286.3175,7.7346977,0.02473684
2017w20,2290.872,7.7366878,0.00199009
2017w21,2326.268,7.7520205,0.01533274
2017w22,2352.072,7.7630519,0.01103138
2017w23,2368.505,7.7700142,0.00696231
2017w24,2365.738,7.7688453,-0.00116893
2017w25,2369.326,7.7703608,0.0015155
2017w26,2390.124,7.7791005,0.00873972
2017w27,2386.206,7.7774599,-0.00164059
2017w28,2398.798,7.7827231,0.00526312
2017w29,2434.596,7.7975361,0.01481305
2017w30,2434.034,7.7973052,-0.00023087
2017w31,2407.12,7.7861863,-0.01111895
2017w32,2368.21,7.7698897,-0.01629662
2017w33,2350.63,7.7624387,-0.00745102
2017w34,2368.216,7.7698922,0.00745355
2017w35,2365.642,7.7688047,-0.00108749
2017w36,2333.2,7.754996,-0.01380873
2017w37,2369.692,7.7705153,0.01551927
2017w38,2408.334,7.7866905,0.01617523
2017w39,2378.98,7.7744271,-0.0122634
2017w40,2419.5338,7.7913301,0.01690303
2017w41,2460.0875,7.8079522,0.01662206
2017w42,2481.986,7.8168143,0.00886213
2017w43,2490.06,7.8200621,0.00324776
2017w44,2537.232,7.838829,0.01876692
2017w45,2548.154,7.8431245,0.00429545
2017w46,2528.804,7.8355017,-0.00762271
2017w47,2536.072,7.8383717,0.00286996
2017w48,2497.336,7.8229798,-0.01539186
2017w49,2482.428,7.8169924,-0.00598745
2017w50,2472.918,7.8131541,-0.00383828
2017w51,2460.63,7.8081727,-0.00498142
2017w52,2443.8333,7.8013231,-0.00684957
2018w1,2482.495,7.8170194,0.01569626
2018w2,2501.518,7.824653,0.00763364
2018w3,2515.394,7.8301847,0.0055317
2018w4,2542.74,7.8409975,0.01081279
2018w5,2565.264,7.8498167,0.00881916
2018w6,2422.602,7.7925974,-0.05721923
2018w7,2400.8,7.7835573,-0.00904015
2018w8,2430.678,7.7959255,0.01236822
2018w9,2435.8275,7.7980418,0.0021163
2018w10,2416.164,7.7899364,-0.00810538
2018w11,2490.208,7.8201215,0.03018508
2018w12,2471.66,7.8126453,-0.00747625
2018w13,2438.13,7.7989866,-0.01365864
2018w14,2432.35,7.7966131,-0.00237348
2018w15,2447.364,7.8027668,0.00615366
2018w16,2470.734,7.8122706,0.00950375
2018w17,2471.02,7.8123863,0.00011575
2018w18,2492.405,7.8210034,0.00861709
2018w19,2458.915,7.8074755,-0.01352791
2018w20,2460.714,7.8082068,0.00073136
2018w21,2466.0725,7.8103821,0.00217525
2018w22,2441.442,7.8003441,-0.01003796
2018w23,2455.92,7.8062567,0.00591259
2018w24,2441.625,7.8004191,-0.00583764
2018w25,2355.062,7.7643223,-0.03609675
2018w26,2338.24,7.7571538,-0.00716854
2018w27,2268.036,7.7266695,-0.03048425
2018w28,2291.308,7.7368781,0.01020857
2018w29,2292.3,7.737311,0.00043285
2018w30,2281.318,7.7325086,-0.00480233
2018w31,2290.744,7.7366319,0.00412331
2018w32,2294.922,7.7384541,0.0018222
2018w33,2248.8025,7.7181531,-0.020301
2018w34,2273.416,7.7290388,0.01088569
2018w35,2308.336,7.7442822,0.01524337
2018w36,2296.742,7.7392469,-0.00503532
2018w37,2291.852,7.7371155,-0.00213137
2018w38,2316.614,7.7478619,0.01074641
2018w39,2349.25,7.7618514,0.01398949
2018w40,2297.615,7.7396269,-0.0222245
2018w41,2193.49,7.6932492,-0.04637775
2018w42,2152.464,7.6743685,-0.01888065
2018w43,2091.168,7.645478,-0.02889047
2018w44,2032.178,7.6168634,-0.02861464
2018w45,2084.79,7.6424234,0.02556001
2018w46,2080.036,7.6401405,-0.00228293
2018w47,2077.424,7.6388839,-0.00125654
2018w48,2100.324,7.6498469,0.01096295
2018w49,2098.408,7.6489342,-0.00091266
2018w50,2070.852,7.6357154,-0.01321885
2018w51,2066.73,7.6337229,-0.00199247
2018w52,2038.125,7.6197855,-0.01393738
2019w1,2012.7625,7.6072634,-0.01252211
2019w2,2058.67,7.6298154,0.02255199
2019w3,2111.846,7.6553177,0.0255023
2019w4,2149.122,7.6728147,0.01749694
2019w5,2199.4675,7.6959706,0.0231559
2019w6,2187.0667,7.6903165,-0.00565406
2019w7,2204.956,7.6984628,0.00814633
2019w8,2225.422,7.7077018,0.00923901
2019w9,2211.8725,7.7015947,-0.00610712
2019w10,2159.232,7.6775079,-0.02408684
2019w11,2163.374,7.6794243,0.00191644
2019w12,2174.282,7.6844538,0.00502946
2019w13,2146.294,7.6714979,-0.01295586
2019w14,2201.438,7.6968661,0.02536815
2019w15,2227.744,7.7087447,0.01187863
2019w16,2228.218,7.7089574,0.00021275
2019w17,2201.556,7.6969197,-0.01203778
2019w18,2204.22,7.698129,0.00120932
2019w19,2126.812,7.6623794,-0.03574956
2019w20,2070.764,7.6356729,-0.02670652
2019w21,2055.044,7.6280525,-0.00762036
2019w22,2044.108,7.6227168,-0.00533575
2019w23,2076.975,7.6386678,0.015951
2019w24,2101.97,7.6506303,0.01196249
2019w25,2121.346,7.6598061,0.00917579
2019w26,2127.634,7.6627658,0.00295977
2019w27,2100.306,7.6498383,-0.01292752
2019w28,2072.106,7.6363208,-0.01351757
2019w29,2083.808,7.6419523,0.00563151
2019w30,2070.794,7.6356874,-0.00626488
2019w31,2005.136,7.6034672,-0.03222022
2019w32,1925.572,7.5629783,-0.04048882
2019w33,1932.8175,7.5667341,0.00375572
2019w34,1948.104,7.5746119,0.00787781
2019w35,1947.216,7.5741559,-0.00045593
2019w36,1997.53,7.5996667,0.02551076
2019w37,2047.8333,7.6245376,0.02487091
2019w38,2079.326,7.6397991,0.01526148
2019w39,2072.386,7.6364559,-0.0033432
2019w40,2036.6875,7.61908,-0.01737589
2019w41,2046.6025,7.6239364,0.00485639
2019w42,2070.894,7.6357357,0.0117993
2019w43,2087.326,7.6436391,0.00790342
2019w44,2097.376,7.6484423,0.00480322
2019w45,2138.48,7.6678506,0.01940826
2019w46,2145.094,7.6709387,0.00308808
2019w47,2120.124,7.6592299,-0.0117088
2019w48,2109.536,7.6542233,-0.00500656
2019w49,2076.84,7.6386028,-0.01562051
2019w50,2135.874,7.6666312,0.02802842
2019w51,2198.978,7.695748,0.02911678
2019w52,2197.4725,7.6950631,-0.00068487
2020w1,2170.56,7.6827405,-0.01232264
2020w2,2202.458,7.6973293,0.01458881
2020w3,2246.386,7.717078,0.01974869
2020w4,2230.0333,7.7097718,-0.00730617
2020w5,2145.814,7.6712742,-0.03849757
2020w6,2205.942,7.6989099,0.02763566
2020w7,2233.196,7.711189,0.01227911
2020w8,2150.266,7.6733468,-0.03784219
2020w9,2027.066,7.6143447,-0.05900213
2020w10,2020.502,7.6111013,-0.00324343
2020w11,1780.268,7.4845192,-0.12658208
2020w12,1541.484,7.3405009,-0.14401833
2020w13,1716.098,7.4478084,0.10730752
2020w14,1750.248,7.4675128,0.01970438
2020w15,1837.378,7.5160948,0.04858206
2020w16,1887.335,7.5429211,0.02682623
2020w17,1911.35,7.5555651,0.01264402
2020w18,1921.465,7.5608432,0.00527812
2020w19,1932.152,7.5663897,0.00554649
2020w20,1942.076,7.5715128,0.0051231
2020w21,1996.492,7.5991469,0.02763414
2020w22,2048.322,7.6247762,0.02562928
2020w23,2170.652,7.6827829,0.05800666
2020w24,2134.728,7.6660945,-0.01668835
2020w25,2134.764,7.6661114,0.00001686
2020w26,2122.068,7.6601464,-0.00596502
2020w27,2149.316,7.6729049,0.01275857
2020w28,2169.34,7.6821783,0.00927332
2020w29,2202.772,7.6974718,0.01529359
2020w30,2224.028,7.7070752,0.0096034
2020w31,2262.11,7.7240533,0.01697804
2020w32,2362.238,7.7673648,0.04331147
2020w33,2406.4025,7.7858882,0.01852342
2020w34,2327.182,7.7524134,-0.0334748
2020w35,2348.658,7.7615994,0.00918601
2020w36,2382.93,7.7760861,0.01448672
2020w37,2408.094,7.7865908,0.01050474
2020w38,2395.294,7.7812613,-0.00532958
2020w39,2304.14,7.7424628,-0.03879847
2020w40,2361.95,7.7672428,0.02478004
2020w41,2396.445,7.7817417,0.01449884
2020w42,2357.674,7.7654308,-0.01631085
2020w43,2352.294,7.7631463,-0.00228452
2020w44,2316.51,7.747817,-0.01532928
2020w45,2417.528,7.7905008,0.04268379
2020w46,2507.508,7.8270447,0.0365439
2020w47,2573.382,7.8529763,0.02593156
2020w48,2617.298,7.8698978,0.0169215
2020w49,2709.988,7.9046995,0.03480172
2020w50,2758.202,7.9223343,0.01763481
2020w51,2765.346,7.924921,0.00258674
2020w52,2813.852,7.9423096,0.0173886
